SMILES,Drug_Name
CC1(C(N2C(S1)C(C2=O)NC(=O)C(C3=CC=CC=C3)N)C(=O)[O-])C,"6-{[amino(phenyl)acetyl]amino}-3,3-dimethyl-7-oxo-4-thia-1-azabicyclo[3.2.0]heptane-2-carboxylate"
C(OC(C(F)(F)F)C(F)(F)F)F,sevoflurane
CC(=O)NCC1CN(C(=O)O1)C2=CC(=C(C=C2)N3CCOCC3)F,224323-50-6
CC(C1=CC2=C(C=C1)C=C(C=C2)OC)C(=O)O,2-(6-Methoxy-2-naphthyl)propionic acid
CC(=O)SC1CC2=CC(=O)CCC2(C3C1C4CCC5(C4(CC3)C)CCC(=O)O5)C,MLS000678252
CC1=CC=CC=C1C(C2=CC=CC=C2)OCCN(C)C,orphenadrine
CS(=O)(=O)C1=CC=C(C=C1)C2=C(C(=O)OC2)C3=CC=CC=C3,rofecoxib
CC(C)NCC(COC1=CC=CC2=CC=CC=C21)O,propranolol
CN1C2=C(C=C(C=C2)Cl)C(=NC(C1=O)O)C3=CC=CC=C3,temazepam
C1C(=O)NC2=C(C=C(C=C2)[N+](=O)[O-])C(=N1)C3=CC=CC=C3Cl,clonazepam
C1=CC(=C2C(=C1NCCNCCO)C(=O)C3=C(C=CC(=C3C2=O)O)O)NCCNCCO,mitoxantrone
C1=CN(C(=O)N=C1N)C2C(C(C(O2)CO)O)O,688007-26-3
CC(C=CC(C1CC1)O)C2CCC3C2(CCCC3=CC=C4CC(CC(C4=C)O)O)C,112828-00-9
C1=CC(=CC=C1C(=O)NC(CCC(=O)O)C(=O)O)NCC2=CN=C3C(=N2)C(=O)N=C(N3)N,2-[[4-[(2-amino-4-oxo-1H-pteridin-6-yl)methylamino]benzoyl]amino]pentanedioic acid
C1CCC(CC1)(CC(=O)O)CN,gabapentin
COC1=CC=CC=C1OCC(COC(=O)N)O,methocarbamol
CC1C2C(C3C(C(=O)C(=C(N)O)C(=O)C3(C(=O)C2=C(C4=C1C=CC=C4O)O)O)N(C)C)O,4-Epi-6-epi Doxycycline
CC(=O)N1CCN(CC1)C2=CC=C(C=C2)OCC3COC(O3)(CN4C=CN=C4)C5=C(C=C(C=C5)Cl)Cl,DTXSID20273956
CC1=NN=C2N1C3=C(C=C(C=C3)Cl)C(=NC2)C4=CC=CC=C4Cl,triazolam
CCCCC1=C(C2=CC=CC=C2O1)C(=O)C3=CC(=C(C(=C3)I)OCC[NH+](CC)CC)I,HMS1361O16
C1CNP(=O)(OC1)N(CCCl)CCCl,cyclophosphamide
CC1=NC=C2N1C3=C(C=C(C=C3)Cl)C(=NC2)C4=CC=CC=C4F,midazolam
CNCC(C1=CC(=C(C=C1)O)O)O,329-65-7
CC(=O)NC1=NN=C(S1)S(=O)(=O)N,acetazolamide
CC(=O)C1CCC2C1(CCC3C2CCC4=CC(=O)CCC34C)C,"1-acetyl-9a,11a-dimethyl-1H,2H,3H,3aH,3bH,4H,5H,7H,8H,9H,9aH,9bH,10H,11H,11aH-cyclopenta[a]phenanthren-7-one"
CC(C)(C)NCC(COC1=NSN=C1N2CCOCC2)O,29023-48-1
C1CC(N(C1)C(=O)C(CCCCN)NC(CCC2=CC=CC=C2)C(=O)O)C(=O)O,N~2~-(1-carboxy-3-phenylpropyl)lysylproline
COC(=O)C(C1CCCCN1)C2=CC=CC=C2,methylphenidate
CN(C)CCCN1C2=CC=CC=C2CCC3=CC=CC=C31,imipramine
CC1=C(C=NO1)C(=O)NC2=CC=C(C=C2)C(F)(F)F,leflunomide
C1=C(C=C(C(=C1I)OC2=CC(=C(C(=C2)I)O)I)I)CC(C(=O)O)N,DL-Thyroxine
C1CN2C(=CC=C2C(=O)C3=CC=CC=C3)C1C(=O)O,ketorolac
CC1=C2C(C(=O)C3(C(CC4C(C3C(C(C2(C)C)(CC1OC(=O)C(C(C5=CC=CC=C5)NC(=O)OC(C)(C)C)O)O)OC(=O)C6=CC=CC=C6)(CO4)OC(=O)C)O)C)O,Docetaxol
CC1C2CC3=C(C1(CCN2CC=C(C)C)C)C=C(C=C3)O,Talwin
CCOC(=O)C(CCC1=CC=CC=C1)NC(C)C(=O)N2CC3=CC=CC=C3CC2C(=O)O,RefChem:1061935
C1C2=NN=CN2C3=C(C=C(C=C3)Cl)C(=N1)C4=CC=CC=C4,estazolam
CCOC(=O)C1=C(NC(=C(C1C2=CC=CC=C2Cl)C(=O)OC)C)COCCN,amlodipine
COC1=C2C(=CC(=C1N3CC4CCCNC4C3)F)C(=O)C(=CN2C5CC5)C(=O)O,354812-41-2
CCOC(=O)N1CCC(=C2C3=C(CCC4=C2N=CC=C4)C=C(C=C3)Cl)CC1,loratadine
CC1=NC=CN1CC2CCC3=C(C2=O)C4=CC=CC=C4N3C,ondansetron
CC1=C(N2C(C(C2=O)NC(=O)C(C3=CC=CC=C3)N)SC1)C(=O)O,108260-04-4
CC(CC1=CC=CC=C1)N,AMPHETAMINE
C1CN(CCC1(C2=CC=C(C=C2)Cl)O)CCCC(=O)C3=CC=C(C=C3)F,haloperidol
CCC1(C(=O)NCNC1=O)C2=CC=CC=C2,primidone
CC(C)C(CCCN(C)CCC1=CC(=C(C=C1)OC)OC)(C#N)C2=CC(=C(C=C2)OC)OC,VERAPAMIL
CCC(C)C(=O)OC1CC(C=C2C1C(C(C=C2)C)CCC(CC(CC(=O)O)O)O)O,DTXSID20861034
C1=CC=C(C(=C1)C2=NC(C(=O)NC3=C2C=C(C=C3)Cl)O)Cl,lorazepam
CCCCNC(=O)NS(=O)(=O)C1=CC=C(C=C1)C,tolbutamide
C1CC(C1)(C(=O)O)C(=O)O.N.N.[Pt],SCHEMBL152535
CC1=C(C(C(=C(N1)C)C(=O)OC)C2=CC=CC=C2[N+](=O)[O-])C(=O)OC,nifedipine
C1=CC(=CN=C1)CC(O)(P(=O)(O)O)P(=O)(O)O,Risedronic acid
CC(=O)O[C@H]1C[C@@H]2CC[C@@H]3[C@@H]([C@]2(C[C@@H]1N4CCCCC4)C)CC[C@]5([C@H]3C[C@@H]([C@@H]5OC(=O)C)[N+]6(CCCCC6)C)C,Vecuronium
CN1CCC23C4C(=O)CCC2(C1CC5=C3C(=C(C=C5)OC)O4)O,DTXSID40859094
C1=CC=C2C(=C1)C=CC3=CC=CC=C3N2C(=O)N,carbamazepine
CC(C)(C(=O)O)ON=C(C1=CSC(=N1)N)C(=O)NC2C3N(C2=O)C(=C(CS3)C[N+]4=CC=CC=C4)C(=O)[O-],AB02837
CCCCC1=NC2(CCCC2)C(=O)N1CC3=CC=C(C=C3)C4=CC=CC=C4C5=NNN=N5,irbesartan
C1=COC(=C1)CNC2=CC(=C(C=C2C(=O)O)S(=O)(=O)N)Cl,furosemide
CCC1C(=O)N(CC(=O)N(C(C(=O)NC(C(=O)N(C(C(=O)NC(C(=O)NC(C(=O)N(C(C(=O)N(C(C(=O)N(C(C(=O)N(C(C(=O)N1)C(C(C)CC=CC)O)C)C(C)C)C)CC(C)C)C)CC(C)C)C)C)C)CC(C)C)C)C(C)C)CC(C)C)C)C,Cyclosporine;Ciclosporin
CC(=O)OC1C(SC2=CC=CC=C2N(C1=O)CC[NH+](C)C)C3=CC=C(C=C3)OC,Unknown
CC(C)C(C(=O)OCCOCN1C=NC2=C1NC(=NC2=O)N)N,142963-59-5
CNCCC(C1=CC=CC=C1)OC2=CC=C(C=C2)C(F)(F)F,fluoxetine
[Ca+2],calcium ion
CN1C(=O)CN=C(C2=C1C=CC(=C2)Cl)C3=CC=CC=C3,diazepam
CCC1=C2CN3C(=CC4=C(C3=O)COC(=O)C4(CC)O)C2=NC5=C1C=C(C=C5)OC(=O)N6CCC(CC6)N7CCCCC7,DTXSID80861151
CC1=NC=C(N1CCO)[N+](=O)[O-],metronidazole
CC1CC2C3CCC(C3(CC(C2C4(C1=CC(=O)C=C4)C)O)C)(C(=O)CO)O,6-.alpha.-Methylprednisolone
COC1=CC2=C(C=CN=C2C=C1)C(C3CC4CCN3CC4C=C)O,"Cinchonan-9-ol, 6'-methoxy-, (8.alpha.,9R)-"
CCCC(C)(COC(=O)N)COC(=O)NC(C)C,carisoprodol
CCOC1=NC2=CC=CC(=C2N1CC3=CC=C(C=C3)C4=CC=CC=C4C5=NNN=N5)C(=O)O,candesartan
CNCCC=C1C2=CC=CC=C2CCC3=CC=CC=C31,nortriptyline
CN1CCN(CC1)CCCN2C3=CC=CC=C3SC4=C2C=C(C=C4)Cl,prochlorperazine
CC12CCC(=O)C=C1CCC3C2C(CC4(C3CCC4(C(=O)CO)O)C)O,"11,17,21-Trihydroxypregn-4-ene-3,20-dione"
C[N+]1(C2CC(CC1C3C2O3)OC(=O)C(C4=CC=CS4)(C5=CC=CS5)O)C,SCHEMBL411429
C1=NC2=C(N1COCCO)NC(=NC2=O)N,acyclovir
C(C1C(C(C(C(O1)O)O)O)O)O,Hexopyranose
CCC(C)N1C(=O)N(C=N1)C2=CC=C(C=C2)N3CCN(CC3)C4=CC=C(C=C4)OCC5COC(O5)(CN6C=NC=N6)C7=C(C=C(C=C7)Cl)Cl,Itrizole
CC12CCC3C(C1CCC2O)CCC4=C3C=CC(=C4)O,"13-methyl-6,7,8,9,11,12,14,15,16,17-decahydrocyclopenta[a]phenanthrene-3,17-diol"
CC1=C(N=CN1)CSCCNC(=NC)NC#N,cimetidine
C(=O)(N)NO,hydroxyurea
CC(C)OC(=O)CCCC=CCC1C(CC(C1CCC(CCC2=CC=CC=C2)O)O)O,15(S)-Latanoprost
C(CC(O)(P(=O)(O)O)P(=O)(O)O)CN,ALENDRONIC ACID
CC1=CC(=CC=C1)CN2CCN(CC2)C(C3=CC=CC=C3)C4=CC=C(C=C4)Cl,meclizine
CC1=CC2=C(C=C1C)N(C=N2)C3C(C(C(O3)CO)OP(=O)(O)OC(C)CNC(=O)CCC4(C(C5C6(C(C(C(=N6)C(=C7C(C(C(=N7)C=C8C(C(C(=N8)C(=C4[N-]5)C)CCC(=O)N)(C)C)CCC(=O)N)(C)CC(=O)N)C)CCC(=O)N)(C)CC(=O)N)C)CC(=O)N)C)O.[C-]#N.[Co+2],Unknown
COC1=CC=CC=C1OCCNCC(COC2=CC=CC3=C2C4=CC=CC=C4N3)O,carvedilol
CNS(=O)(=O)CC1=CC2=C(C=C1)NC=C2CCN(C)C,sumatriptan
[Na+].[Cl-],sodium chloride
C(CCl)NC(=O)N(CCCl)N=O,carmustine
CCOC(=O)C(CCC1=CC=CC=C1)NC(C)C(=O)N2C3CCCC3CC2C(=O)O,RefChem:1053867
CC1=NN=C2N1C3=C(C=C(C=C3)Cl)C(=NC2)C4=CC=CC=C4,alprazolam
CC1=C(C2=C(N1C(=O)C3=CC=C(C=C3)Cl)C=CC(=C2)OC)CC(=O)O,indomethacin
CC(C1C(O1)CC2COC(C(C2O)O)CC(=CC(=O)OCCCCCCCCC(=O)O)C)C(C)O,C26H44O9
CC1C(C(CC(O1)OC2C(OC(CC2O)OC3C(OC(CC3O)OC4CCC5(C(C4)CCC6C5CC(C7(C6(CCC7C8=CC(=O)OC8)O)C)O)C)C)C)O)O,Lanicor
CC(C1=CC(=CC=C1)C(=O)C2=CC=CC=C2)C(=O)O,ketoprofen
C1CCC2(C3CC4=C(C2(C1)CCN3CC5CCC5)C=C(C=C4)O)O,DTXSID70860592
CCCCCC(C=CC1C(CC(=O)C1CCCCCCC(=O)O)O)O,8-iso Prostaglandin E1
CC(C)NCC(COC1=CC=C(C=C1)COCCOC(C)C)O,BISOPROLOL
CN1CCC23C4C1CC5=C2C(=C(C=C5)O)OC3C(=O)CC4,Hymorphan (Salt/Mix)
CC(=O)NC1C(C(C(OC1O)COS(=O)(=O)O)OC2C(C(C(C(O2)C(=O)O)OC3C(C(C(C(O3)CO)OC4C(C(C(C(O4)C(=O)O)O)O)OS(=O)(=O)O)OS(=O)(=O)O)NS(=O)(=O)O)O)OS(=O)(=O)O)O,DTXSID80872762
C1=CC(=C(C=C1F)F)C(CN2C=NC=N2)(CN3C=NC=N3)O,fluconazole
C1C(=C(N2C(S1)C(C2=O)NC(=O)C(C3=CC=CC=C3)N)C(=O)O)Cl,DTXSID80860664
CN1C(=NC(=O)C(=N1)[O-])SCC2=C(N3C(C(C3=O)NC(=O)C(=NOC)C4=CSC(=N4)N)SC2)C(=O)[O-],Unknown
CN(C)CC1CCCCC1(C2=CC(=CC=C2)OC)O,2914-77-4
CN1C2CCC1CC(C2)OC(=O)C(CO)C3=CC=CC=C3,(8-methyl-8-azabicyclo[3.2.1]octan-3-yl) 3-hydroxy-2-phenylpropanoate
CCC1=C2C(=CC=C1)C3=C(N2)C(OCC3)(CC)CC(=O)O,etodolac
CNC1CCC(C2=CC=CC=C12)C3=CC(=C(C=C3)Cl)Cl,DTXSID00861017
C1CCN(CC1)C2=NC(=N)N(C(=C2)N)O,minoxidil
C1CC(OC1CO)N2C=NC3=C2NC=NC3=O,DTXSID80860902
C1C(=O)NC(=O)N1N=CC2=CC=C(O2)[N+](=O)[O-],Furantoin
CCOC(=O)C(CCC1=CC=CC=C1)NC(C)C(=O)N2CCCC2C(=O)O,1-(2-{[1-(ethoxycarbonyl)-3-phenylpropyl]amino}propanoyl)proline maleate
CC1CCC2CC(C(=CC=CC=CC(CC(C(=O)C(C(C(=CC(C(=O)CC(OC(=O)C3CCCCN3C(=O)C(=O)C1(O2)O)C(C)CC4CCC(C(C4)OC)O)C)C)O)OC)C)C)C)OC,RefChem:669763
COCCCCC(=NOCCN)C1=CC=C(C=C1)C(F)(F)F,61718-81-8
COC1=C(C(=NC=C1)CS(=O)C2=NC3=C(N2)C=C(C=C3)OC(F)F)OC,pantoprazole
CCOC1=CC=CC=C1OCCN[C@@H](C)CC2=CC(=C(C=C2)OC)S(=O)(=O)N,(+)-Tamsulosin
CCN(C)C(=O)OC1=CC=CC(=C1)C(C)N(C)C,3-[1-(dimethylamino)ethyl]phenyl ethyl(methyl)carbamate
C1=CC(=C(C(=C1)Cl)Cl)C2=C(N=C(N=N2)N)N,lamotrigine
CC(=O)OC1=CC=CC=C1C(=O)O,aspirin
CCC(=O)N(C1CCN(CC1)CCC2=CC=CC=C2)C3=CC=CC=C3,fentanyl
C1[C@@H]([C@@H]2[C@H](O1)[C@@H](CO2)O[N+](=O)[O-])O,ISOSORBIDE MONONITRATE
CC12CC3CC(C1)(CC(C3)(C2)N)C,memantine
CCNC(=O)C1CCCN1C(=O)C(CCCN=C(N)N)NC(=O)C(CC(C)C)NC(=O)C(CC(C)C)NC(=O)C(CC2=CC=C(C=C2)O)NC(=O)C(CO)NC(=O)C(CC3=CNC4=CC=CC=C43)NC(=O)C(CC5=CN=CN5)NC(=O)C6CCC(=O)N6,Leuprelin Acetate
CC(C)(C1=CC=C(C=C1)C(CCCN2CCC(CC2)C(C3=CC=CC=C3)(C4=CC=CC=C4)O)O)C(=O)O,fexofenadine
CN(C)CCCC1(C2=C(CO1)C=C(C=C2)C#N)C3=CC=C(C=C3)F,citalopram
CCC(CO)NCCNC(CC)CO,134566-79-3
CN1CCC23C4C1CC5=C2C(=C(C=C5)O)OC3C(C=C4)O,"Morphinan-3,6alpha-diol, 7,8-didehydro-4,5alpha-epoxy-17-methyl-"
CCOC(=O)C1=C(NC(=C(C1C2=C(C(=CC=C2)Cl)Cl)C(=O)OC)C)C,felodipine
C1CC(=O)NC2=C1C=CC(=C2)OCCCCN3CCN(CC3)C4=C(C(=CC=C4)Cl)Cl,Aripiprazole
C(C(C(C(C(CO)O)O)O)O)O,Hexitol
CCCCCC(C=CC1C(CC2C1CC(=CCCCC(=O)O)O2)O)O,RefChem:1072480
CCC(=O)OC(C(C)C)OP(=O)(CCCCC1=CC=CC=C1)CC(=O)N2CC(CC2C(=O)[O-])C3CCCCC3,Unknown
C1CN(CCN1CCCN2C(=O)N3C=CC=CC3=N2)C4=CC(=CC=C4)Cl,trazodone
CC1CN(CCN1)C2=C(C=C3C(=C2OC)N(C=C(C3=O)C(=O)O)C4CC4)F,Gatifloxacin
CNC(=C[N+](=O)[O-])NCCSCC1=CC=C(O1)CN(C)C,Gastrosedol
CC1=CC(=C(C=C1)C)OCCCC(C)(C)C(=O)O,gemfibrozil
C(CS(=O)(=O)O)S,2-Mercaptoethanesulfonic acid
C1=CC(=CC=C1C(CC(=O)O)CN)Cl,baclofen
CC1=CC=C(C=C1)C2=CC(=NN2C3=CC=C(C=C3)S(=O)(=O)N)C(F)(F)F,celecoxib
C=CCN.C1C(O1)CCl,2-(chloromethyl)oxirane;prop-2-en-1-amine
CCC1=CN=C(C=C1)CCOC2=CC=C(C=C2)CC3C(=O)NC(=O)S3,Pioglitazone
C1=C(C(=O)NC(=O)N1)F,5-Fluorouracil
C1CC1C#CC2(C3=C(C=CC(=C3)Cl)NC(=O)O2)C(F)(F)F,Rac-Efavirenz
CN(C)C(=O)C(CC[NH+]1CCC(CC1)(C2=CC=C(C=C2)Cl)O)(C3=CC=CC=C3)C4=CC=CC=C4,loperamide(1+)
CN1C2=C(C(=O)N(C1=O)C)NC=N2,theophylline
C1=CC=C(C=C1)CCCCOCCCCCCNCC(C2=CC(=C(C=C2)O)CO)O,Salmeterol
CC(CCC(=O)O)C1CCC2C1(CCC3C2C(CC4C3(CCC(C4)O)C)O)C,Alloursodeoxycholic acid
CC1=CC=CC=C1S(=O)(=O)NC(=O)C2=CC(=C(C=C2)CC3=CN(C4=C3C=C(C=C4)NC(=O)OC5CCCC5)C)OC,zafirlukast
CN(C)CCCN1C2=CC=CC=C2SC3=C1C=C(C=C3)Cl,chlorpromazine
C1C(=S)N(C2=C(C=C(C=C2)Cl)C(=N1)C3=CC=CC=C3F)CC(F)(F)F,quazepam
CCOC1=C(C=CC(=C1)CC(=O)NC(CC(C)C)C2=CC=CC=C2N3CCCCC3)C(=O)O,DTXSID00861330
CCCCNC1=C(C(=CC(=C1)C(=O)O)S(=O)(=O)N)OC2=CC=CC=C2,bumetanide
CC(O)(P(=O)(O)O)P(=O)(O)O,Etidronic acid
COC(=O)C(C1=CC=CC=C1Cl)N2CCC3=C(C2)C=CS3,90055-48-4
CC(=O)OCC1=C(N2C(C(C2=O)NC(=O)C(=NOC)C3=CSC(=N3)N)SC1)C(=O)[O-],Unknown
CC(CC1=CC=C(C=C1)OC)NCC(C2=CC(=C(C=C2)O)NC=O)O,formoterol
CN1CCC23C=CC(CC2OC4=C(C=CC(=C34)C1)OC)O,Galantamin
CC(C)(C)NCC(C1=CC(=C(C=C1)O)CO)O,Salbutamol
CC1C(C(CC(O1)OC2CC(CC3=C2C(=C4C(=C3O)C(=O)C5=C(C4=O)C(=CC=C5)OC)O)(C(=O)CO)O)[NH3+])O,Doxorubicin (Adriamycin) HCl
CC1=NN=C(S1)SCC2=C(N3C(C(C3=O)NC(=O)CN4C=NN=N4)SC2)C(=O)[O-],"3-{[(5-methyl-1,3,4-thiadiazol-2-yl)sulfanyl]methyl}-8-oxo-7-[(1H-tetrazol-1-ylacetyl)amino]-5-thia-1-azabicyclo[4.2.0]oct-2-ene-2-carboxylate"
CN(C)CCC1=CNC2=C1C=C(C=C2)CC3COC(=O)N3,"4-({3-[2-(dimethylamino)ethyl]-1H-indol-5-yl}methyl)-1,3-oxazolidin-2-one"
C1CCNC(C1)C(C2=CC(=NC3=C2C=CC=C3C(F)(F)F)C(F)(F)F)O,mefloquine
CC1C=CC=CC=CC=CC=CC=CC=CC(CC2C(C(CC(O2)(CC(CC(C(CCC(CC(CC(=O)OC(C(C1O)C)C)O)O)O)O)O)O)O)C(=O)O)OC3C(C(C(C(O3)C)O)N)O,DTXSID60859632
CC12CC(=O)C3C(C1CCC2(C(=O)CO)O)CCC4=CC(=O)C=CC34C,1192475-75-4
COC1=C(C=C2C(=C1)CC(C2=O)CC3CCN(CC3)CC4=CC=CC=C4)OC,donepezil
CC(C(=O)C1=CC(=CC=C1)Cl)NC(C)(C)C,bupropion
CC1=CN(C(=O)NC1=O)C2CC(C(O2)CO)N=[N+]=[N-],"1-[(2R,4S,5S)-4-azido-5-(hydroxymethyl)oxolan-2-yl]-5-methyl-pyrimidine-2,4-dione"
CC1=CC2=C(NC3=CC=CC=C3N=C2S1)N4CCN(CC4)C,olanzapine
CN(C)CCC1=CNC2=C1C=C(C=C2)CN3C=NC=N3,rizatriptan
CCC(=O)N(C1=CC=CC=C1)C2(CCN(CC2)CCC3=CC=CS3)COC,SUFENTANIL
CC1CC(C2C(CC(C(O2)(C(=O)C(=O)N3CCCCC3C(=O)OC(C(C(CC(=O)C(C=C(C1)C)CC=C)O)C)C(=CC4CCC(C(C4)OC)O)C)O)C)OC)OC,"1,14-dihydroxy-12-[1-(4-hydroxy-3-methoxycyclohexyl)prop-1-en-2-yl]-23,25-dimethoxy-13,19,21,27-tetramethyl-17-prop-2-enyl-11,28-dioxa-4-azatricyclo[22.3.1.04,9]octacos-18-ene-2,3,10,16-tetrone"
CCCCC1=NC(=C(N1CC2=CC=C(C=C2)C3=CC=CC=C3C4=NNN=N4)CO)Cl,losartan
C1CNCC(C1C2=CC=C(C=C2)F)COC3=CC4=C(C=C3)OCO4,72473-26-8
CC1=CN=C(C(=C1OC)C)CS(=O)C2=NC3=C(N2)C=C(C=C3)OC,Prilosec
CC(CN1C2=CC=CC=C2SC3=CC=CC=C31)N(C)C,promethazine
CN(C)C(=N)N=C(N)N,metformin
[O-]S(=O)(=O)[O-],sulfate
CC(C)C1=NC(=CS1)CN(C)C(=O)NC(C(C)C)C(=O)NC(CC2=CC=CC=C2)CC(C(CC3=CC=CC=C3)NC(=O)OCC4=CN=CS4)O,Ritonavir-13C3
C1CCNC(C1)C[NH2+]C(=O)C2=C(C=CC(=C2)OCC(F)(F)F)OCC(F)(F)F,Unknown
CN(CC1=CN=C2C(=N1)C(=NC(=N2)N)N)C3=CC=C(C=C3)C(=O)NC(CCC(=O)O)C(=O)O,DL-Methotrexate
CC1(C2CC3C(C(=O)C(=C(N)O)C(=O)C3(C(=O)C2=C(C4=C1C=CC=C4O)O)O)N(C)C)O,Achromycin
C1CCN(CC1)C2=NC(=NC3=C2N=C(N=C3N4CCCCC4)N(CCO)CCO)N(CCO)CCO,dipyridamole
CC(C)C1=C(C(=C(N1CCC(CC(CC(=O)O)O)O)C2=CC=C(C=C2)F)C3=CC=CC=C3)C(=O)NC4=CC=CC=C4,RefChem:715469
CN1C=NC(=C1SC2=NC=NC3=C2NC=N3)[N+](=O)[O-],azathioprine
CN(C)CCCN1C2=CC=CC=C2CCC3=C1C=C(C=C3)Cl,clomipramine
CCC(C(=O)N)N1CCCC1=O,Etiracetam
C1C(OC(S1)CO)N2C=CC(=NC2=O)N,141434-39-1
CC1=CC(=O)N(C(=C1)C2CCCCC2)O,CICLOPIROX
C1=C2C(=CC(=C1Cl)S(=O)(=O)N)S(=O)(=O)N=CN2,chlorothiazide
C1NC2=CC(=C(C=C2S(=O)(=O)N1)S(=O)(=O)N)Cl,hydrochlorothiazide
CCN(CC)CC#CCOC(=O)C(C1CCCCC1)(C2=CC=CC=C2)O,oxybutynin
C1CC1N2C=C(C(=O)C3=CC(=C(C=C32)N4CCNCC4)F)C(=O)O,ciprofloxacin
CN1CCCC1C2=CN=CC=C2,3-(1-methylpyrrolidin-2-yl)pyridine
C1=CC=C(C(=C1)C(C2=CC=C(C=C2)Cl)C(Cl)Cl)Cl,mitotane
CC1NC2=CC(=C(C=C2C(=O)N1C3=CC=CC=C3C)S(=O)(=O)N)Cl,metolazone
CC(C)[N+]1(C2CCC1CC(C2)OC(=O)C(CO)C3=CC=CC=C3)C,Atrovent Hfa
CCN(CC)CCOC(=O)C1(CCCCC1)C2CCCCC2,dicyclomine
CC(CC1=CC=CC=C1)NC,DL-Methamphetamine
C1CCC(C(C1)[NH-])[NH-].C(=O)(C(=O)O)O.[Pt+2],SCHEMBL30029298
CC(C)(C)NCC(COC1=CC=CC2=C1CC(C(C2)O)O)O,RefChem:831680
CC(CC1=CC(=C(C=C1)O)O)(C(=O)O)N,Mulfasin
CCCC1=NN(C2=C1NC(=NC2=O)C3=C(C=CC(=C3)S(=O)(=O)N4CCN(CC4)C)OCC)C,sildenafil
CCOC(=O)C(CCC1=CC=CC=C1)NC2CCC3=CC=CC=C3N(C2=O)CC(=O)O,98626-50-7
C1C2CC3CC(CC1N3CC2=O)OC(=O)C4=CNC5=CC=CC=C54,dolasetron
C1=NNC2=C1NC=NC2=O,13877-55-9
C1=CC=C(C=C1)C2(C(=O)NC(=O)N2)C3=CC=CC=C3,phenytoin
C1=CN=CC=C1C(=O)NN,isoniazid
CON=C(C1=CC=CO1)C(=O)NC2C3N(C2=O)C(=C(CS3)COC(=O)N)C(=O)[O-],Unknown
CCC(C)(C)C(=O)O[C@H]1C[C@H](C=C2[C@H]1[C@H]([C@H](C=C2)C)CC[C@@H]3C[C@H](CC(=O)O3)O)C,simvastatin
C1=CC(=C(C=C1OC2=C(C=C(C=C2I)CC(C(=O)O)N)I)I)O,Rathyronine
CCC1C(C(C(C(=O)C(CC(C(C(C(C(C(=O)O1)C)OC2CC(C(C(O2)C)O)(C)OC)C)OC3C(C(CC(O3)C)N(C)C)O)(C)O)C)C)O)(C)O,DTXSID90859206
CC1=CC(=C(C=C1)O)C(CCN(C(C)C)C(C)C)C2=CC=CC=C2,2-[3-[di(propan-2-yl)amino]-1-phenylpropyl]-4-methylphenol
CC(C)CC1=CC=C(C=C1)C(C)C(=O)O,58560-75-1
CC(CS)C(=O)N1CCCC1C(=O)O,DTXSID30860775
C1=CC=C(C(=C1)CC(=O)[O-])NC2=C(C=CC=C2Cl)Cl,Arthrotec
CC(C)(C#N)C1=CC(=CC(=C1)CN2C=NC=N2)C(C)(C)C#N,anastrozole
CN1CCCC(CC1)N2C(=O)C3=CC=CC=C3C(=N2)CC4=CC=C(C=C4)Cl,azelastine
CC1(OC2COC3(C(C2O1)OC(O3)(C)C)COS(=O)(=O)N)C,DTXSID90861147
C1C(C(OC1N2C=NC3=C(N=C(N=C32)Cl)N)CO)O,2-Chloro-9-(2-deoxypentofuranosyl)-9H-purin-6-amine
CC1=CC(=CC=C1)NC2=C(C=NC=C2)S(=O)(=O)NC(=O)NC(C)C,Torasemide
CC(C)NCC(COC1=CC=C(C=C1)CC(=O)N)O,atenolol
CCCCCCCCCCCC(CC1C(C(=O)O1)CCCCCC)OC(=O)C(CC(C)C)NC=O,1-(3-hexyl-4-oxooxetan-2-yl)tridecan-2-yl 2-formamido-4-methylpentanoate
COC1=C(C=C(C=C1)Cl)C(=O)NCCC2=CC=C(C=C2)S(=O)(=O)NC(=O)NC3CCCCC3,glyburide
C1C(=NC(=O)N1N=CC2=CC=C(O2)C3=CC=C(C=C3)[N+](=O)[O-])[O-],dantrolene(1-)
CC(=O)CCCCN1C(=O)C2=C(N=CN2C)N(C1=O)C,pentoxifylline
CN(CCCNC(=O)C1CCCO1)C2=NC3=CC(=C(C=C3C(=N2)N)OC)OC,alfuzosin
CC(C)NCC(C1=CC=C(C=C1)NS(=O)(=O)C)O,sotalol
CC(C)C(C)C=CC(C)C1CCC2C1(CCCC2=CC=C3CC(CCC3=C)O)C,RefChem:1093245
C1CN(P(=O)(OC1)NCCCl)CCCl,ifosfamide
CC1=C(C=CN=C1CS(=O)C2=NC3=CC=CC=C3N2)OCC(F)(F)F,lansoprazole
C(C(CO[N+](=O)[O-])O[N+](=O)[O-])O[N+](=O)[O-],nitroglycerin
C1CN(CCN1CCOCC(=O)O)C(C2=CC=CC=C2)C3=CC=C(C=C3)Cl,cetirizine
CN1CCN(CC1)C2=C3C=CC=CC3=NC4=C(N2)C=C(C=C4)Cl,clozapine
CCCC1=NC2=C(N1CC3=CC=C(C=C3)C4=CC=CC=C4C(=O)O)C=C(C=C2C)C5=NC6=CC=CC=C6N5C,Telmisartan
CCCC1OC2CC3C4CCC5=CC(=O)C=CC5(C4C(CC3(C2(O1)C(=O)CO)C)O)C,Budeson
CN(C)CCC=C1C2=CC=CC=C2C=CC3=CC=CC=C31,cyclobenzaprine
C(=O)(O)[O-].[Na+],SODIUM BICARBONATE
C1CN=C(N1)NC2=C(C3=NC=CN=C3C=C2)Br,brimonidine
C1=C(N=C(S1)N=C(N)N)CSCCC(=NS(=O)(=O)N)N,Brolin
CC1CC2C3CCC4=CC(=O)C=CC4(C3(C(CC2(C1(C(=O)CO)O)C)O)F)C,Celestone
CC1(OC2CC3C4CC(C5=CC(=O)C=CC5(C4C(CC3(C2(O1)C(=O)CO)C)O)C)F)C,RefChem:1057427
C1=CC=C(C=C1)C(C2=CC=CC=C2)(C3=CC=CC=C3Cl)N4C=CN=C4,clotrimazole
COC1=CC=CC=C1OCC(CO)O,guaifenesin
CC(CCCC(C)(C)O)C1CCC2C1(CCCC2=CC=C3CC(CC(C3=C)O)O)C,Calcitriol D6
CC(C)(C)NC(=O)C1CN(CCN1CC(CC(CC2=CC=CC=C2)C(=O)NC3C(CC4=CC=CC=C34)O)O)CC5=CN=CC=C5,RefChem:1054290
CN(C)CCC=C1C2=CC=CC=C2COC3=C1C=C(C=C3)CC(=O)O,(E)-Olopatadine
CC1=CN=C(C=N1)C(=O)NCCC2=CC=C(C=C2)S(=O)(=O)NC(=O)NC3CCCCC3,glipizide
C1=NC2=C(N=C(N=C2N1C3C(C(C(O3)CO)O)O)F)N,Fludarabine Base
CN(C)CC(C1=CC=C(C=C1)OC)C2(CCCCC2)O,venlafaxine
C1CN=C(N1)NC2=C(C=CC=C2Cl)Cl,clonidine
COC1=C(C=C2C(=C1)C(=NC(=N2)N3CCN(CC3)C(=O)C4CCCO4)N)OC,terazosin
C[C@@H]1C[C@H]2C3C[C@@H](C4=CC(=O)C=C[C@@]4([C@]3([C@H](C[C@@]2([C@]1(C(=O)SCF)O)C)O)F)C)F,Milveterol+Fluticasone
CC(C)C1=C(C(=CC=C1)C(C)C)O,propofol
CC(=O)NC(CS)C(=O)O,N-Acetyl-DL-cysteine
CC1=CN=C(S1)NC(=C2C(=O)C3=CC=CC=C3S(=O)(=O)N2C)O,meloxicam
CCN[C@H]1CN(S(=O)(=O)C2=C1C=C(S2)S(=O)(=O)N)CCCOC,Brinzolamide
CC1=CC=C(C=C1)C2=C(N3C=C(C=CC3=N2)C)CC(=O)N(C)C,zolpidem
CC(=O)CCC1=CC2=C(C=C1)C=C(C=C2)OC,nabumetone
CC1=C(C(=O)C2=CC=CC=C2C1=O)CC=C(C)CCCC(C)CCCC(C)CCCC(C)C,81818-54-4
CC1OCC2C(O1)C(C(C(O2)OC3C4COC(=O)C4C(C5=CC6=C(C=C35)OCO6)C7=CC(=C(C(=C7)OC)O)OC)O)O,"Furo[3',4':6,7]naphtho[2,3-d]-1,3-dioxol-6(5aH)-one, 9-[(4,6-O-ethylidene-.beta.-D-glucopyranosyl)oxy]-5,8,8a,9-tetrahydro-5-(4-hydroxy-3,5-dimethoxyphenyl)-, [5R-[5.alpha.,5a.beta.,8a.alpha.,9.beta.(R*)]]-"
CC1=C(C(=O)N2CCCCC2=N1)CCN3CCC(CC3)C4=NOC5=C4C=CC(=C5)F,risperidone
CN1C2CCCC1CC(C2)NC(=O)C3=NN(C4=CC=CC=C43)C,[3H]GRANISETRON
CC(C)C[C@H](CC(=O)O)CN,(R)-Pregabalin
CC12CCC3C(C1CCC2C(=O)NC(C)(C)C)CCC4C3(C=CC(=O)N4)C,"4a,6a-Dimethyl-2-oxo-2,4a,4b,5,6,6a,7,8,9,9a,9b,10,11,11a-tetradecahydro-1H-indeno(5,4-f)quinoline-7-carboxylic acid tert-butylamide"
CCC(C)C(=O)OC1CC(C=C2C1C(C(C=C2)C)CCC3CC(CC(=O)O3)O)C,79952-43-5
CCCNC1CCC2=C(C1)SC(=N2)N,104617-86-9
C1CN(CCN1CCOCCO)C(C2=CC=CC=C2)C3=CC=C(C=C3)Cl,hydroxyzine
C1=CC(=C(C=C1Cl)Cl)COC(CN2C=CN=C2)C3=C(C=C(C=C3)Cl)Cl,miconazole
CC1=C(C=C(C=C1)NC(=O)C2=CC=C(C=C2)CN3CCN(CC3)C)NC4=NC=CC(=N4)C5=CN=CC=C5,Imatinib
CCCCCC1=CC(=C2C3C=C(CCC3C(OC2=C1)(C)C)C)O,DTXSID20859693
CC(C)OC(=O)C(C)(C)OC1=CC=C(C=C1)C(=O)C2=CC=C(C=C2)Cl,fenofibrate
CC(C)(C)C(C)(C1CC23CCC1(C4C25CCN(C3CC6=C5C(=C(C=C6)O)O4)CC7CC7)OC)O,DTXSID60860647
CCN(CCCC(C)NC1=C2C=CC(=CC2=NC=C1)Cl)CCO,hydroxychloroquine
C1CN(CC1C(C2=CC=CC=C2)(C3=CC=CC=C3)C(=O)N)CCC4=CC5=C(C=C4)OCC5,133033-93-9
CC1CC2C3CCC4=CC(=O)C=CC4(C3(C(CC2(C1(C(=O)CO)O)C)O)Cl)C,RefChem:1074955
C1C(N(C2=C(N1)NC(=NC2=O)N)C=O)CNC3=CC=C(C=C3)C(=O)NC(CCC(=O)O)C(=O)O,n5-formyl-thf
CCCC1CC(N(C1)C)C(=O)NC(C2C(C(C(C(O2)SC)O)O)O)C(C)Cl,1097774-72-5
CCN(CC)CC(=O)NC1=C(C=CC=C1C)C,lidocaine
CC1=C(C(CCC1)(C)C)C=CC(=CC=CC(=CCO)C)C,9-cis retinol
CNC(=C[N+](=O)[O-])NCCSCC1=CSC(=N1)CN(C)C,Acinon
C1(=C(N=C(C(=N1)Cl)N)N)C(=O)N=C(N)N,AMILORIDE
CC12CC(C3C(C1CCC2(C(=O)CO)O)CCC4=CC(=O)C=CC34C)O,"11,17,21-Trihydroxypregna-1,4-diene-3,20-dione"
CCN(CC)CCN1C(=O)CN=C(C2=C1C=CC(=C2)Cl)C3=CC=CC=C3F,flurazepam
CN1CCN(CC1)C(=O)OC2C3=NC=CN=C3C(=O)N2C4=NC=C(C=C4)Cl,zopiclone
CCNC1CC(S(=O)(=O)C2=C1C=C(S2)S(=O)(=O)N)C,120280-13-9
C1=NC(=C2C(=N1)N(C=N2)C3C(C(C(O3)CO)O)O)N,"2-(6-aminopurin-9-yl)-5-(hydroxymethyl)oxolane-3,4-diol"
C1CCC2(C1)CC(=O)N(C(=O)C2)CCCCN3CCN(CC3)C4=NC=CC=N4,buspirone
CC(=O)CC(C1=CC=CC=C1)C2=C(OC3=CC=CC=C3C2=O)O,warfarin
C1=CC(=CN=C1)C(=O)[O-],nicotinate
C1=CC=C(C=C1)C2C(=O)N=C(O2)N,Deltamin (VAN)
C1=CC(=CC=C1N)S(=O)(=O)C2=CC=C(C=C2)N,dapsone
CN(C)CCC=C1C2=CC=CC=C2CCC3=CC=CC=C31,amitriptyline
CN1CCC23CCCCC2C1CC4=C3C=C(C=C4)OC,RACEMETHORPHAN
CN(C)CCC=C1C2=CC=CC=C2COC3=CC=CC=C31,doxepin
COC1=C(C=C2C(=C1)C(=NC(=N2)N3CCN(CC3)C(=O)C4COC5=CC=CC=C5O4)N)OC,doxazosin
CC(=O)OCC(CCN1C=NC2=CN=C(N=C21)N)COC(=O)C,famciclovir
CC(C)NCC(COC1=CC=C(C=C1)CCOC)O,metoprolol
CC1COC2=C3N1C=C(C(=O)C3=CC(=C2N4CCN(CC4)C)F)C(=O)O,ofloxacin
CC1=C(C(CCC1)(C)C)C=CC(=CC=CC(=CC(=O)O)C)C,"3,7-dimethyl-9-(2,6,6-trimethylcyclohex-1-en-1-yl)nona-2,4,6,8-tetraenoic acid"
C1CN(CC=C1N2C3=CC=CC=C3NC2=O)CCCC(=O)C4=CC=C(C=C4)F,droperidol
CCC1=C(CN(C1=O)C(=O)NCCC2=CC=C(C=C2)S(=O)(=O)NC(=O)NC3CCC(CC3)C)C,"1H-Pyrrole-1-carboxamide, 3-ethyl-2,5-dihydro-4-methyl-N-[2-[4-[[[[(trans-4-methylcyclohexyl)amino]carbonyl]amino]sulfonyl]phenyl]ethyl]-2-oxo-"
CC12CCC3C(C1CCC2(C#C)O)CCC4=CC(=O)CCC34,DTXSID60859071
CCCCN1CCCCC1C(=O)NC2=C(C=CC=C2C)C,Bupivacaine [USAN:INN:BAN]
CC1(C(N2C(S1)C(C2=O)NC(=O)C(C3=CC=C(C=C3)O)N)C(=O)O)C,DTXSID50860378
CN(C)C1C2CC3CC4=C(C=CC(=C4C(=C3C(=O)C2(C(=O)C(=C(N)O)C1=O)O)O)O)N(C)C,SCHEMBL1820770
CN(CC(CO)O)C(=O)C1=C(C(=C(C(=C1I)C(=O)NCC(CO)O)I)NC(=O)COC)I,iopromide
C1CN=C(N1)NC2=C(C=CC3=NSN=C32)Cl,tizanidine
C1C(C(C(C(C1N)OC2C(C(C(C(O2)CN)O)O)O)O)OC3C(C(C(C(O3)CO)O)N)O)N,"4,6-diamino-3-[(6-amino-6-deoxyhexopyranosyl)oxy]-2-hydroxycyclohexyl 3-amino-3-deoxyhexopyranoside"
CC12CC(C3(C(C1CC(C2(C(=O)CO)O)O)CCC4=CC(=O)C=CC43C)F)O,Mycolog
C1C(C(C(C(C1N)OC2C(C(C(C(O2)CO)O)N)O)O)OC3C(CC(C(O3)CN)O)N)N,Tobramaxin
CCC1=CC2CC(C3=C(CN(C2)C1)C4=CC=CC=C4N3)(C5=C(C=C6C(=C5)C78CCN9C7C(C=CC9)(C(C(C8N6C)(C(=O)OC)O)OC(=O)C)CC)OC)C(=O)OC,"methyl 4-(acetyloxy)-15-[4-ethyl-8-(methoxycarbonyl)-1,3,6,7,8,9-hexahydro-2,6-methanoazecino[4,3-b]indol-8-yl]-3-hydroxy-16-methoxy-1-methyl-6,7-didehydroaspidospermidine-3-carboxylate"
CC(C)N1C2=CC=CC=C2C(=C1C=CC(CC(CC(=O)O)O)O)C3=CC=C(C=C3)F,RefChem:718766
C1=CC=C(C=C1)C(C2=CC=CC=C2)S(=O)CC(=O)N,modafinil
C1=CC=C(C=C1)C2=C(OC(=N2)CCC(=O)O)C3=CC=CC=C3,oxaprozin
CCN(CC)CCNC(=O)C1=CC(=C(C=C1OC)N)Cl,metoclopramide
C1=CC(=CC=C1C#N)C(C2=CC=C(C=C2)C#N)N3C=NC=N3,letrozole
C1C(C2C(O1)C(CO2)O[N+](=O)[O-])O[N+](=O)[O-],"D-Glucitol, 1,4:3,6-dianhydro-, 2,5-dinitrate"
CC(C)(C)C#CC=CCN(C)CC1=CC=CC2=CC=CC=C21,DTXSID50861123
C1CN(CCN1CCOCCO)C2=NC3=CC=CC=C3SC4=CC=CC=C42,quetiapine
CC1=C2C(=NC=C1)N(C3=C(C=CC=N3)C(=O)N2)C4CC4,nevirapine
C1CC1NC2=C3C(=NC(=N2)N)N(C=N3)C4CC(C=C4)CO,914348-29-1
C1CC(=O)NC(=O)C1N2C(=O)C3=CC=CC=C3C2=O,thalidomide
C1CN2CCC1[C@H](C2)OC(=O)N3CCC4=CC=CC=C4[C@@H]3C5=CC=CC=C5,Solifenacin
[Cl-].[K+],potassium chloride
CCC1C(C(C(N(CC(CC(C(C(C(C(C(=O)O1)C)OC2CC(C(C(O2)C)O)(C)OC)C)OC3C(C(CC(O3)C)N(C)C)O)(C)O)C)C)C)O)(C)O,"2-ethyl-3,4,10-trihydroxy-3,5,6,8,10,12,14-heptamethyl-15-oxo-11-{[3,4,6-trideoxy-3-(dimethylamino)hexopyranosyl]oxy}-1-oxa-6-azacyclopentadecan-13-yl 2,6-dideoxy-3-C-methyl-3-O-methylhexopyranoside"
C1=NC(=NN1C2C(C(C(O2)CO)O)O)C(=O)N,1192243-01-8
C1CC(C1)CN2CCC34C5C(CCC3(C2CC6=C4C(=C(C=C6)O)O5)O)O,N-Cyclobutylmethyl-14-hydroxydihydronormorphine
CC1=C2C(C(=O)C3(C(CC4C(C3C(C(C2(C)C)(CC1OC(=O)C(C(C5=CC=CC=C5)NC(=O)C6=CC=CC=C6)O)O)OC(=O)C7=CC=CC=C7)(CO4)OC(=O)C)O)C)OC(=O)C,DTXSID60860480
CCCC(=O)OC1(CCC2C1(CC(C3C2CCC4=CC(=O)CCC34C)O)C)C(=O)CO,CHEMBL1434261
C1=CN=C(C=N1)C(=O)N,pyrazinamide
C[C@H]([C@@H](CO)NC(=O)C1CSSCC(C(=O)NC(C(=O)NC(C(=O)NC(C(=O)NC(C(=O)N1)C(C)O)CCCCN)CC2=CNC3=CC=CC=C32)CC4=CC=CC=C4)NC(=O)C(CC5=CC=CC=C5)N)O,Unknown
CC(=O)NC1=CC=C(C=C1)O,acetaminophen
CC(C)C1=C(C(=C(C(=N1)C(C)C)COC)C2=CC=C(C=C2)F)C=CC(CC(CC(=O)O)O)O,"7-[4-(4-fluorophenyl)-5-(methoxymethyl)-2,6-di(propan-2-yl)pyridin-3-yl]-3,5-dihydroxyhept-6-enoic acid"
C1=CC(=CC=C1COC(CN2C=CN=C2)C3=C(C=C(C=C3)Cl)Cl)Cl,econazole
CCCC1CC(N(C1)C)C(=O)NC(C2C(C(C(C(O2)SC)O)O)O)C(C)O,Lincomycine
C1=CN(C=N1)CC(O)(P(=O)(O)O)P(=O)(O)O,Zoledronic acid
CC1C(C(CC(O1)OC2C(C(C(OC2OC3=C4C=C5C=C3OC6=C(C=C(C=C6)C(C(C(=O)NC(C(=O)NC5C(=O)NC7C8=CC(=C(C=C8)O)C9=C(C=C(C=C9O)O)C(NC(=O)C(C(C1=CC(=C(O4)C=C1)Cl)O)NC7=O)C(=O)O)CC(=O)N)NC(=O)C(CC(C)C)NC)O)Cl)CO)O)O)(C)N)O,MLS001076663
C1C(C(C(C(C1NC(=O)C(CCN)O)OC2C(C(C(C(O2)CO)O)N)O)O)OC3C(C(C(C(O3)CN)O)O)O)N,DTXSID60860546
CCC(CC)OC1C=C(CC(C1NC(=O)C)N)C(=O)OCC,DTXSID90861485
CCCC1=NC(=C(N1CC2=CC=C(C=C2)C3=CC=CC=C3C4=NNN=N4)C(=O)OCC5=C(OC(=O)O5)C)C(C)(C)O,Olmesartan medoxomil
CCCC(CCC)C(=O)O,VALPROIC ACID
C1CC1CN2CCC34C5C(=O)CCC3(C2CC6=C4C(=C(C=C6)O)O5)O,"3-(cyclopropylmethyl)-4a,9-dihydroxy-2,4,5,6,7a,13-hexahydro-1H-4,12-methanobenzofuro[3,2-e]isoquinolin-7-one"
CCCCCN(C)CCC(O)(P(=O)(O)O)P(=O)(O)O,Ibandronic Acid
CC12CCC3C(C1CCC2(C#C)O)CCC4=CC5=C(CC34C)C=NO5,DTXSID80860200
CCCC(=O)NC1=CC(=C(C=C1)OCC(CNC(C)C)O)C(=O)C,acebutolol
CCCCCC(C=CC1C(CC(=O)C1CC=CCCCC(=O)O)O)O,8-iso PROSTAGLANDIN E2
CC(CCC1=CC=CC=C1)NCC(C2=CC(=C(C=C2)O)C(=O)N)O,labetalol
C1C2=CC=CC=C2N(C3=CC=CC=C3C1=O)C(=O)N,OXCARBAZEPINE
C(CCC(=O)O)CCN,6-aminohexanoic acid
C[C@H](C1=CC=CC2=CC=CC=C21)NCCCC3=CC(=CC=C3)C(F)(F)F,Cinacalcet
C1=CC2=C(C(=C1)OCC(COC3=CC4=C(C=C3)OC(=CC4=O)C(=O)O)O)C(=O)C=C(O2)C(=O)O,Inostral
C1=CC(=CC=C1NC(=NC(=NCCCCCCN=C(N)N=C(N)NC2=CC=C(C=C2)Cl)N)N)Cl,Chlorohexidine
C[N+](C)(C)CC(CC(=O)O)O,RefChem:436024
CN1CCC[C@@H]1CC2=CNC3=C2C=C(C=C3)CCS(=O)(=O)C4=CC=CC=C4,Eletriptan
CC1CC2=CC=CC=C2N1NC(=O)C3=CC(=C(C=C3)Cl)S(=O)(=O)N,indapamide
CN1C2CC(CC1C3C2O3)OC(=O)C(CO)C4=CC=CC=C4,DTXSID60858963
CC1=C(SC=C1)C(=CCCN2CCCC(C2)C(=O)O)C3=C(C=CS3)C,109857-64-9
CC1=C(C(=CC=C1)C)OCC(C)N,Mexiletine
CC(CS(=O)(=O)C1=CC=C(C=C1)F)(C(=O)NC2=CC(=C(C=C2)C#N)C(F)(F)F)O,bicalutamide
CCN(CC)C(=S)SSC(=S)N(CC)CC,disulfiram
C1CC[N+]2(C1)C3CCC2CC(C3)OC(=O)C(C4=CC=CC=C4)(C5=CC=CC=C5)O,Trosec
C(C(F)(F)F)(OC(F)F)Cl,isoflurane
CNCC[C@@H](C1=CC=CS1)OC2=CC=CC3=CC=CC=C32,duloxetine
CC=CC1=C(N2C(C(C2=O)NC(=O)C(C3=CC=C(C=C3)O)N)SC1)C(=O)O,CEFPROZIL (Z)-ISOMER H0E054927UG/MG(AI)
CC1=C(C(C(=C(N1)C)C(=O)OCC(C)C)C2=CC=CC=C2[N+](=O)[O-])C(=O)OC,nisoldipine
CCNC(=O)N(CCCN(C)C)C(=O)C1CC2C(CC3=CNC4=CC=CC2=C34)N(C1)CC=C,Cabergoline-d5
CC(C)N(CCC(C1=CC=CC=C1)(C2=CC=CC=N2)C(=O)N)C(C)C,disopyramide
CCCCC(=O)N(CC1=CC=C(C=C1)C2=CC=CC=C2C3=NNN=N3)C(C(C)C)C(=O)O,943333-68-4
C(=O)([O-])P(=O)([O-])[O-],phosphonatoformate
CC1=C(N=CN1)CN2CCC3=C(C2=O)C4=CC=CC=C4N3C,alosetron
C1=NC2=C(N1COC(CO)CO)NC(=NC2=O)N,ganciclovir
C1=CC=C(C=C1)CCNN,Phenelzine
CCOC(=O)C1(CCN(CC1)C)C2=CC=CC=C2,meperidine
CCN1C=C(C(=O)C2=CC(=C(C=C21)N3CCNCC3)F)C(=O)O,norfloxacin
CN1CC(=O)N2[C@@H](C1=O)CC3=C([C@H]2C4=CC5=C(C=C4)OCO5)NC6=CC=CC=C36,Tadalafil
C1=CC(=C(C=C1N)C(=O)O)O,5-Aminosalicylic acid
C[N+]1=CC=CC(=C1)OC(=O)N(C)C,pyridostigmine
CC1=C(C(=CC=C1)NC2=CC=CC=C2C(=O)O)C,mefenamic acid
CNCCCN1C2=CC=CC=C2CCC3=CC=CC=C31,desipramine
CCC[C@@H](C(=O)OCC)N[C@H](C)C(=O)N1[C@H]2CCCC[C@H]2C[C@H]1C(=O)O,"2'-epi-Perindopril, (2'R)-"
C(CN)C(O)(P(=O)(O)O)P(=O)(O)O,PAMIDRONIC ACID
CN1CCN2C(C1)C3=CC=CC=C3CC4=C2N=CC=C4,mirtazapine
CCCN(CCC)CCC1=C2CC(=O)NC2=CC=C1,ropinirole
CC(C)(C)C1=CC=C(C=C1)S(=O)(=O)NC2=C(C(=NC(=N2)C3=NC=CC=N3)OCCO)OC4=CC=CC=C4OC,Bosentan
C(CN)CNCCSP(=O)(O)O,amifostine
CC(C)(CC1=CC=CC=C1)N,phentermine
C1[C@H](O[C@H](S1)CO)N2C=C(C(=NC2=O)N)F,Emtricitabine
C1C2CC3CC1CC(C2)(C3)N,amantadine
C[C@]12CCC3[C@H]([C@@H]1CC[C@@H]2C(=O)NC4=C(C=CC(=C4)C(F)(F)F)C(F)(F)F)CC[C@@H]5[C@@]3(C=CC(=O)N5)C,Dutasteride?
CN(CCC1=CC=C(C=C1)NS(=O)(=O)C)CCOC2=CC=C(C=C2)NS(=O)(=O)C,Dofetilide
C1=CC(=CC=C1CCC2=CNC3=C2C(=O)N=C(N3)N)C(=O)N[C@H](CCC(=O)O)C(=O)O,(R)-Pemetrexed
CN1C=NC2=C1C(=O)N(C(=O)N2C)C,caffeine
CC1=C(C=CN=C1CS(=O)C2=NC3=CC=CC=C3N2)OCCCOC,rabeprazole
CC12CCC3C(C1CCC2O)CCC4=CC(=O)CCC34C,"17-hydroxy-10,13-dimethyl-1,2,6,7,8,9,11,12,14,15,16,17-dodecahydrocyclopenta[a]phenanthren-3-one"
CC[C@@]1(C[C@@H]2C[C@@](C3=C(CCN(C2)C1)C4=CC=CC=C4N3)(C5=C(C=C6C(=C5)[C@]78CCN9[C@H]7[C@@](C=CC9)([C@H]([C@@]([C@@H]8N6C=O)(C(=O)OC)O)OC(=O)C)CC)OC)C(=O)OC)O,vincristine
C1=CC(=CC=C1[C@@H]2[C@H](C(=O)N2C3=CC=C(C=C3)F)CC[C@@H](C4=CC=C(C=C4)F)O)O,Ezetimibe
CC1=C(C(=NO1)C2=C(C=CC=C2Cl)Cl)C(=O)NC3C4N(C3=O)C(C(S4)(C)C)C(=O)[O-],"6-({[3-(2,6-dichlorophenyl)-5-methyl-1,2-oxazol-4-yl]carbonyl}amino)-3,3-dimethyl-7-oxo-4-thia-1-azabicyclo[3.2.0]heptane-2-carboxylate"
CC(C)[C@@H](C(=O)OCC(CO)OCN1C=NC2=C1NC(=NC2=O)N)N,Valganciclovir
CCOC(=O)C1=CN=C(C=C1)C#CC2=CC3=C(C=C2)SCCC3(C)C,tazarotene
CCCC(C)(COC(=O)N)COC(=O)N,meprobamate
CN=C1CN(C(=C2C=C(C=CC2=N1)Cl)C3=CC=CC=C3)O,DTXSID40861935
O.O.O.O.O.O.[Cl-].[Cl-].[Ca+2],Calcium chloride hexahydrate
COC1=C(C=C(C=C1)C2=CC3=C(C=C2)C=C(C=C3)C(=O)O)C45CC6CC(C4)CC(C6)C5,ADAPALENE
CS(=O)(=O)OCCCCOS(=O)(=O)C,busulfan
CCC(=C)C(=O)C1=C(C(=C(C=C1)OCC(=O)O)Cl)Cl,ETHACRYNIC ACID
CCOC(=O)C1=C2CN(C(=O)C3=C(N2C=N1)C=CC(=C3)F)C,flumazenil
C[N+]1(CCCC1)CC2=C(N3C(C(C3=O)NC(=O)C(=NOC)C4=CSC(=N4)N)SC2)C(=O)[O-],"7-[[2-(2-amino-1,3-thiazol-4-yl)-2-methoxyiminoacetyl]amino]-3-[(1-methylpyrrolidin-1-ium-1-yl)methyl]-8-oxo-5-thia-1-azabicyclo[4.2.0]oct-2-ene-2-carboxylate"
CN1C(=C(NC2=CC=CC=N2)O)C(=O)C3=CC=CC=C3S1(=O)=O,piroxicam
CC1CC2C3CCC4=CC(=O)C=CC4([C@]3(C(CC2([C@]1(C(=O)CCl)O)C)O)F)C,NCGC00164580-01
CC1=C(N2C(C(C2=O)NC(=O)C(C3=CC=C(C=C3)O)N)SC1)C(=O)O,1181570-19-3
CCC1C(COC1=O)CC2=CN=CN2C,"2(3H)-Furanone, 3-ethyldihydro-4-[(1-methyl-1H-imidazol-5-yl)methyl]-, (3S-cis)-"
C1CN1P(=S)(N2CC2)N3CC3,thiotepa
CC(C)(C)NCC(COC1=CC=CC2=C1CCCC2=O)O,Bunolol
CC1=C(C(C(=C(N1)C)C(=O)OC(C)C)C2=CC=CC3=NON=C32)C(=O)OC,isradipine
[O-2].[O-2].[O-2].[As+3].[As+3],Arsenic oxide (As2O3)
C1=CC(=CC=C1CCCC(=O)O)N(CCCl)CCCl,chlorambucil
C1C2CNCC1C3=CC4=NC=CN=C4C=C23,"5,8,14-triazatetracyclo[10.3.1.02,11.04,9]hexadeca-2,4,6,8,10-pentaene"
C1=CC=C2C(=C1)C(=NO2)CS(=O)(=O)N,zonisamide
CCCN(CCC)S(=O)(=O)C1=CC=C(C=C1)C(=O)O,probenecid
CCC1=NN(C(=O)N1CCOC2=CC=CC=C2)CCCN3CCN(CC3)C4=CC(=CC=C4)Cl,nefazodone
CC1(C(=O)N2C(C(=O)N3CCCC3C2(O1)O)CC4=CC=CC=C4)NC(=O)C5CC6C(CC7=CNC8=CC=CC6=C78)N(C5)C,Dihydroegotamine
C([C@@H]1[C@H]([C@@H]([C@H]([C@H](O1)O[C@H]([C@@H](CO)O)[C@@H](C(=O)CO)O)O)O)O)O,Maltulose
C(CC(=O)O)CN,gamma-aminobutyric acid
CC[C@@H]1[C@@]([C@@H]([C@H](C(=O)[C@@H](C[C@@]([C@@H]([C@H]([C@@H]([C@H](C(=O)O1)C)OC2CC(C(C(O2)C)O)(C)OC)C)OC3C(C(CC(O3)C)N(C)C)O)(C)OC)C)C)O)(C)O,CHEMBL143
CCC(=C(C1=CC=CC=C1)C2=CC=C(C=C2)OCCN(C)C)C3=CC=CC=C3,7728-73-6
C1=CC(=CC=C1CC(C(=O)O)N)N(CCCl)CCCl,Sarcolysin
CN1CCN(CC1)C2=NC3=CC=CC=C3OC4=C2C=C(C=C4)Cl,loxapine
C=CCN1CCC23C4C(=O)CCC2(C1CC5=C3C(=C(C=C5)O)O4)O,"4a,9-dihydroxy-3-prop-2-enyl-2,4,5,6,7a,13-hexahydro-1H-4,12-methanobenzofuro(3,2-e)isoquinoline-7-one"
CC1C(C(=O)N1S(=O)(=O)O)NC(=O)C(=NOC(C)(C)C(=O)O)C2=CSC(=N2)N,"2-[[1-(2-amino-1,3-thiazol-4-yl)-2-[(2-methyl-4-oxo-1-sulfoazetidin-3-yl)amino]-2-oxoethylidene]amino]oxy-2-methylpropanoic acid"
C1=CC=C(C=C1)C2=NC(C(=O)NC3=C2C=C(C=C3)Cl)O,oxazepam
CCOC(=O)C(CCC1=CC=CC=C1)NC(C)C(=O)N2C3CCCCC3CC2C(=O)O,CI-907
CC1=CN(C(=O)NC1=O)C2C=CC(O2)CO,26638-87-9
CC(=O)OC1CC2CCC3C(C2(CC1[N+]4(CCCCC4)C)C)CCC5(C3CC(C5OC(=O)C)[N+]6(CCCCC6)C)C,BDBM86425
C[C@H]1C[C@@H]2[C@H](CC[C@]3([C@H]2CC[C@@]3(C(=O)C)O)C)[C@@]4(C1=CC(=O)CC4)C,medroxyprogesterone
CC(C)(C)NCC(C1=NC(=C(C=C1)O)CO)O,PIRBUTEROL
CC(C(=O)NC1=C(C(=C(C(=C1I)C(=O)NC(CO)CO)I)C(=O)NC(CO)CO)I)O,Bracco 15000
CC(=O)N(CCCCCNC(=O)CCC(=O)N(CCCCCNC(=O)CCC(=O)N(CCCCCN)O)O)O,deferoxamine
C1=CN(C(=O)N=C1N)C2C(C(C(O2)CO)O)(F)F,103882-85-5
CC1C(C(C(O1)OC2C(C(C(C(C2O)O)N=C(N)N)O)N=C(N)N)OC3C(C(C(C(O3)CO)O)O)NC)(C=O)O,RefChem:1099083
C[C@@H]1C[C@H]2C3CCC4=CC(=O)C=C[C@@]4([C@]3([C@H](C[C@@]2([C@]1(C(=O)CCl)O)C)O)Cl)C,B.Mometason
CCOC(=O)O[C@@]1(CCC2[C@@]1(C[C@@H](C3C2CCC4=CC(=O)C=C[C@]34C)O)C)C(=O)OCCl,C24H31ClO7
CC[C@@]1(C[C@H]2C[C@@](C3=C(CCN(C2)C1)C4=CC=CC=C4N3)(C5=C(C=C6C(=C5)[C@]78CCN9[C@H]7[C@@](C=CC9)([C@H]([C@@]([C@@H]8N6C)(C(=O)OC)O)OC(=O)C)CC)OC)C(=O)OC)O,vinblastine
C1=CC=C2C(=C1)C(=O)NC2(C3=CC(=C(C=C3)Cl)S(=O)(=O)N)O,chlorthalidone
CN1CCC(=C2C3=C(C(=O)CC4=CC=CC=C42)SC=C3)CC1,ketotifen
CC(C)(C)[C@@H](C(=O)N[C@@H](CC1=CC=CC=C1)[C@H](CN(CC2=CC=C(C=C2)C3=CC=CC=N3)NC(=O)[C@H](C(C)(C)C)NC(=O)OC)O)NC(=O)OC,Atazanavir
C1CN(CCN1CCCN2C3=CC=CC=C3SC4=C2C=C(C=C4)C(F)(F)F)CCO,FLUPHENAZINE
CCC(=O)O[C@@]1([C@H](CC2C1(CC([C@]3(C2C[C@@H](C4=CC(=O)C=CC43C)F)F)O)C)C)C(=O)CCl,"[(6S,9R,16S,17R)-17-(2-chloroacetyl)-6,9-difluoro-11-hydroxy-10,13,16-trimethyl-3-oxo-6,7,8,11,12,14,15,16-octahydrocyclopenta[a]phenanthren-17-yl] propanoate"
C1CN(CCN1CCCN2C3=CC=CC=C3SC4=C2C=C(C=C4)Cl)CCO,perphenazine
COC1(C2N(C1=O)C(=C(CS2)COC(=O)N)C(=O)[O-])NC(=O)CC3=CC=CS3,3-[(carbamoyloxy)methyl]-7-methoxy-8-oxo-7-[(thiophen-2-ylacetyl)amino]-5-thia-1-azabicyclo[4.2.0]oct-2-ene-2-carboxylate
CC1=CC=CC=C1O[C@H](CCNC)C2=CC=CC=C2,Atomoxetine
CCCCCOC(=O)NC1=NC(=O)N(C=C1F)[C@H]2[C@@H]([C@@H]([C@H](O2)C)O)O,CAPECITABINE
C[N+]1(CCC2=CC(=C(C=C2C1CC3=CC(=C(C=C3)OC)OC)OC)OC)CCC(=O)OCCCCCOC(=O)CC[N+]4(CCC5=CC(=C(C=C5C4CC6=CC(=C(C=C6)OC)OC)OC)OC)C.C1=CC=C(C=C1)S(=O)(=O)[O-].C1=CC=C(C=C1)S(=O)(=O)[O-],Atracurium besylate
CC(C1=CC(=C(C=C1)C2=CC=CC=C2)F)C(=O)O,flurbiprofen
CC(C)CN(CC(C(CC1=CC=CC=C1)NC(=O)OC2CCOC2)O)S(=O)(=O)C3=CC=C(C=C3)N,CHEMBL195725
C1CCN(CC1)CCOC2=CC=C(C=C2)C(=O)C3=C(SC4=C3C=CC(=C4)O)C5=CC=C(C=C5)O,raloxifene
CC(C1CCC(C(O1)OC2C(CC(C(C2O)OC3C(C(C(CO3)(C)O)NC)O)N)N)N)NC,gentamicin
CC1C(C(=O)NC(C(=O)N2CCCC2C(=O)N(CC(=O)N(C(C(=O)O1)C(C)C)C)C)C(C)C)NC(=O)C3=C4C(=C(C=C3)C)OC5=C(C(=O)C(=C(C5=N4)C(=O)NC6C(OC(=O)C(N(C(=O)CN(C(=O)C7CCCN7C(=O)C(NC6=O)C(C)C)C)C)C(C)C)C)N)C,Dactinomycin (USP)
C1CN(CC2=C1SC=C2)CC3=CC=CC=C3Cl,ticlopidine
C1=CC2=C(C=C1Cl)NC(=O)O2,chlorzoxazone
CC1(C(N2C(S1)C(C2=O)NC(=O)COC3=CC=CC=C3)C(=O)[O-])C,Unknown
CC1=C(C(=CC=C1)C)NC(=O)CN2CCN(CC2)CC(COC3=CC=CC=C3OC)O,RANOLAZINE
CC(C)NCC(COC1=CC=CC2=C1C=CN2)O,pindolol
CC(CC1=CC=CC=C1)N(C)CC#C,Deprenyl
CNC1(CCCCC1=O)C2=CC=CC=C2Cl,ketamine
CCOC(=O)C1=CN=CN1C(C)C2=CC=CC=C2,Ethnor
CCN(CC)C(=O)C(=CC1=CC(=C(C(=C1)O)O)[N+](=O)[O-])C#N,"2-cyano-3-(3,4-dihydroxy-5-nitrophenyl)-N,N-diethylprop-2-enamide"
CC(C)OC(=O)CCC/C=C\C[C@H]1[C@H](C[C@H]([C@@H]1/C=C/[C@H](COC2=CC=CC(=C2)C(F)(F)F)O)O)O,Travoprost
CN1C(=O)N2C=NC(=C2N=N1)C(=O)N,temozolomide
CCN(C1=CC=CC(=C1)C2=CC=NC3=C(C=NN23)C#N)C(=O)C,zaleplon
C[N+]1(CCC(C1)OC(=O)C(C2CCCC2)(C3=CC=CC=C3)O)C,Glycopyrronium
CC1=C(C(=NO1)C2=CC=CC=C2)C(=O)NC3C4N(C3=O)C(C(S4)(C)C)C(=O)[O-],"3,3-dimethyl-6-{[(5-methyl-3-phenyl-1,2-oxazol-4-yl)carbonyl]amino}-7-oxo-4-thia-1-azabicyclo[3.2.0]heptane-2-carboxylate"
CCCCCCCCCCNCC=C.C[N+](C)(C)CCCCCCNCC=C.C=CCN.C1C(O1)CCl.Cl.[Cl-],2-(chloromethyl)oxirane;prop-2-en-1-amine;N-prop-2-enyldecan-1-amine;trimethyl-[6-(prop-2-enylamino)hexyl]azanium;chloride;hydrochloride
C1CC(CCC1C2=CC=C(C=C2)Cl)C3=C(C4=CC=CC=C4C(=O)C3=O)O,"3-[4-(4-chlorophenyl)cyclohexyl]-4-hydroxynaphthalene-1,2-dione"
C1C[C@H]2CN(C(=O)C3=CC=CC(=C23)C1)[C@@H]4CN5CCC4CC5,"Palonosetron, (3aR)-"
COC1=CC(=CC(=C1OC)OC)CC2=CN=C(N=C2N)N,trimethoprim
C[C@@H](C1=NC=NC=C1F)[C@](CN2C=NC=N2)(C3=C(C=C(C=C3)F)F)O,Voriconazole
C1CCC(CC1)C(CCN2CCCCC2)(C3=CC=CC=C3)O,trihexyphenidyl
C1CC(N(C1)C(=O)C2CSSCCC(=O)NC(C(=O)NC(C(=O)NC(C(=O)NC(C(=O)N2)CC(=O)N)CCC(=O)N)CC3=CC=CC=C3)CC4=CC=C(C=C4)O)C(=O)NC(CCCN=C(N)N)C(=O)NCC(=O)N,dAVP
C1=CC(=C(C=C1C2=C(C=C(C=C2)F)F)C(=O)O)O,diflunisal
C1=CN=C(N=C1)NS(=O)(=O)C2=CC=C(C=C2)N,sulfadiazine
CN(CCOC1=CC=C(C=C1)CC2C(=O)NC(=O)S2)C3=CC=CC=N3,rosiglitazone
C1CC2=C(C=CC(=C2)Cl)C(=C3CCNCC3)C4=C1C=CC=N4,Desloratadine
CCC(C)C1C(=O)NC(C(=O)NC(C(=O)NC(C(=O)NC(C(=O)NC(C(=O)NC(C(=O)N1)CCCN)CCCCNC(=O)C(C(C)CC)NC(=O)C(CCC(=O)O)NC(=O)C(CC(C)C)NC(=O)C2CSC(=N2)C(C(C)CC)N)CC(=O)N)CC(=O)O)CC3=CN=CN3)CC4=CC=CC=C4,SR-05000001570
C#CCNC1CCC2=CC=CC=C12,1875-50-9
CC1C=CC=CCCC=CC=CC=CC=CC(CC(C(C(CC(=O)CC(C(CCC(CC(CC(CC(=O)OC(C(C1O)C)C)O)O)O)O)O)O)C(=O)O)O)OC2C(C(C(C(O2)C)O)N)O,STL069549
CC1=C(C(C(=C(N1)C)C(=O)OCC[NH+](C)CC2=CC=CC=C2)C3=CC(=CC=C3)[N+](=O)[O-])C(=O)OC,HMS1361F11
CC(C)CC(C(=O)NC(CCCN=C(N)N)C(=O)N1CCCC1C(=O)NNC(=O)N)NC(=O)C(COC(C)(C)C)NC(=O)C(CC2=CC=C(C=C2)O)NC(=O)C(CO)NC(=O)C(CC3=CNC4=CC=CC=C43)NC(=O)C(CC5=CN=CN5)NC(=O)C6CCC(=O)N6,NCGC00167588-02
[Li+].[AlH4-],Lithium aluminohydride
CNS(=O)(=O)CCC1=CC2=C(C=C1)NC=C2C3CCN(CC3)C,naratriptan
C(CO)N(C1=C(C(=C(C(=C1I)C(=O)NCC(CO)O)I)C(=O)NCC(CO)O)I)C(=O)CO,ioversol
CCC(=O)C(CC(C)N(C)C)(C1=CC=CC=C1)C2=CC=CC=C2,methadone
CC1=C(C(C(=C(N1)C)C(=O)OC(C)C)C2=CC(=CC=C2)[N+](=O)[O-])C(=O)OCCOC,nimodipine
CN(C)CC(C1=CC=C(C=C1)O)C2(CCCCC2)O,Desvenlafaxine
CC1=C(C=CC=C1O)C(=O)NC(CSC2=CC=CC=C2)C(CN3CC4CCCCC4CC3C(=O)NC(C)(C)C)O,C32H45N3O4S
S=[Se],7446-34-6
CCC12CCC3C(C1CCC2(C#C)O)CCC4=CC(=O)CCC34,norgestrel
CC(=O)OCC(=O)C12C(CC3C1(CC(C4(C3CC(C5=CC(=O)C=CC54C)F)F)O)C)OC(O2)(C)C,Topsyn
CC1=C[C@@H]2[C@H](CC[C@]3([C@H]2CC[C@@]3(C(=O)C)O)C)[C@@]4(C1=CC(=O)CC4)C,megestrol
CC(C)C1=NC(=NC(=C1CCC(CC(CC(=O)O)O)O)C2=CC=C(C=C2)F)N(C)S(=O)(=O)C,Rosuvastatin EP Impurity L
C1CN(CCN1CCC2=C(C=C3C(=C2)CC(=O)N3)Cl)C4=NSC5=CC=CC=C54,Ziprasidone
C1=NC2=C(N1)C(=S)N=CN2,6-Mercaptopurine
CC1(O[C@@H]2C[C@H]3C4CCC5=CC(=O)C=CC5([C@H]4C(CC3([C@@]2(O1)C(=O)CO)C)O)C)C,SCHEMBL1649865
CNC(=O)CN(CCN(CCN(CC(=O)NC)CC(=O)[O-])CC(=O)[O-])CC(=O)[O-].O.[Gd+3],122795-43-1
CC(CN1C2=CC=CC=C2CCC3=CC=CC=C31)CN(C)C,trimipramine
C1=NC2=C(N=C(N=C2N1[C@H]3[C@H]([C@@H]([C@H](O3)CO)O)F)Cl)N,Clofarabine
C[C@@H](C(=O)O)N.CC(=O)O.C1=CC(=CC=C1C[C@@H](C(=O)O)N)O.C(CCN)C[C@@H](C(=O)O)N.C(CC(=O)O)[C@@H](C(=O)O)N,Glatiramer (acetate)
COC1=CC(=C(C=C1)OC)C(CNC(=O)CN)O,midodrine
CCN(CC)CCOC1=CC=C(C=C1)C(=C(C2=CC=CC=C2)Cl)C3=CC=CC=C3,clomiphene
C1=CC(=CC=C1C(C(CO)NC(=O)C(Cl)Cl)O)[N+](=O)[O-],"2,2-dichloro-N-[1,3-dihydroxy-1-(4-nitrophenyl)propan-2-yl]acetamide"
CC1=CC(=NC(=N1)OC(C(=O)O)C(C2=CC=CC=C2)(C3=CC=CC=C3)OC)C,713516-99-5
C1C(=O)NC2=C(C=C(C=C2)[N+](=O)[O-])C(=N1)C3=CC=CC=C3,nitrazepam
CC(=O)N(CC(CN(C1=C(C(=C(C(=C1I)C(=O)NCC(CO)O)I)C(=O)NCC(CO)O)I)C(=O)C)O)C2=C(C(=C(C(=C2I)C(=O)NCC(CO)O)I)C(=O)NCC(CO)O)I,iodixanol
CC1=C(N=C(N=C1N)C(CC(=O)N)NCC(C(=O)N)N)C(=O)NC(C(C2=CN=CN2)O[C@H]3[C@H]([C@H]([C@@H]([C@@H](O3)CO)O)O)O[C@@H]4[C@H]([C@H]([C@@H]([C@H](O4)CO)O)OC(=O)N)O)C(=O)NC(C)C(C(C)C(=O)NC(C(C)O)C(=O)NCCC5=NC(=CS5)C6=NC(=CS6)C(=O)NCCC[S+](C)C)O,NS00006983
CC1=C(C(=NO1)C2=CC=CC=C2)C3=CC=C(C=C3)S(=O)(=O)N,Valdecoxib
CC1=CC(=C(C(=C1C=CC(=CC=CC(=CC(=O)O)C)C)C)C)OC,"9-(4-Methoxy-2,3,6-trimethylphenyl)-3,7-dimethyl-2,4,6,8-nonatetraenoic acid"
CC(=O)CC(C1=CC=C(C=C1)[N+](=O)[O-])C2=C(OC3=CC=CC=C3C2=O)O,ACENOCOUMAROL
CCCN1CC(CC2C1CC3=CNC4=CC=CC2=C34)CSC,C19H26N2S
CCN1CCN(C(=O)C1=O)C(=O)NC(C2=CC=CC=C2)C(=O)NC3C4N(C3=O)C(C(S4)(C)C)C(=O)[O-],"6-{[{[(4-ethyl-2,3-dioxopiperazin-1-yl)carbonyl]amino}(phenyl)acetyl]amino}-3,3-dimethyl-7-oxo-4-thia-1-azabicyclo[3.2.0]heptane-2-carboxylate"
CC(C)NCC(COC1=CC=C(C=C1)CCOCC2CC2)O,betaxolol
CC(=O)O[C@H]1[C@H](CC2[C@@]1(CCC3C2CCC4[C@@]3(C[C@@H]([C@H](C4)O)N5CCOCC5)C)C)[N+]6(CCCC6)CC=C,SCHEMBL13875772
CC[C@@H]1[C@@]2([C@@H]([C@H](C(=O)[C@@H](C[C@@]([C@@H]([C@H](C(=O)[C@H](C(=O)O1)C)C)O[C@H]3[C@@H]([C@H](C[C@H](O3)C)N(C)C)O)(C)OC)C)C)N(C(=O)O2)CCCCN4C=C(N=C4)C5=CN=CC=C5)C,Telithromycin
CC(C)CC(C1(CCC1)C2=CC=C(C=C2)Cl)N(C)C,sibutramine
C[C@]12CC[C@H]3[C@H]([C@@H]1CC[C@]2(C)O)CC[C@@H]4[C@@]3(COC(=O)C4)C,OXANDROLONE
CC1=C(C2=C(C1=CC3=CC=C(C=C3)S(=O)C)C=CC(=C2)F)CC(=O)O,32004-68-5
CN1C2=C(C(=O)N(C1=O)C)NC=N2.CN1C2=C(C(=O)N(C1=O)C)NC=N2.C(CN)N,aminophylline
CN1CCC2=C3C1CC4=C(C3=CC=C2)C(=C(C=C4)O)O,61503-74-0
CCC1(CC(=O)NC1=O)C,ethosuximide
CCC(=O)N(C1=CC=CC=C1)C2(CCN(CC2)CCC(=O)OC)C(=O)OC,REMIFENTANIL
CCCNCC(COC1=CC=CC=C1C(=O)CCC2=CC=CC=C2)O,propafenone
C=CC1=C(N2C(C(C2=O)NC(=O)C(=NOCC(=O)O)C3=CSC(=N3)N)SC1)C(=O)O,RefChem:1074309
CCC1=C(C(=NC(=N1)N)N)C2=CC=C(C=C2)Cl,pyrimethamine
CCC(C)C1C(=O)NC(C(=O)NC(C(=O)NC(CSSCC(C(=O)NC(C(=O)N1)CC2=CC=C(C=C2)O)N)C(=O)N3CCCC3C(=O)NC(CC(C)C)C(=O)NCC(=O)N)CC(=O)N)CCC(=O)N,RefChem:1053780
C=C1[C@H](C[C@@H]([C@H]1CO)O)N2C=NC3=C2NC(=NC3=O)N,Entecavir
CC(C)C(=O)NC1=CC(=C(C=C1)[N+](=O)[O-])C(F)(F)F,flutamide
CC(C)(C1=CC=CC=C1CC[C@H](C2=CC=CC(=C2)/C=C/C3=NC4=C(C=CC(=C4)Cl)C=C3)S)O,SCHEMBL1133011
B([C@@H](CC(C)C)NC(=O)[C@@H](CC1=CC=CC=C1)NC(=O)C2=NC=CN=C2)(O)O,1132709-16-0
CCCN(CCC1=CC=CS1)C2CCC3=C(C2)C=CC=C3O,92206-54-7
CC1=CN(C(=O)NC1=O)C2CC(C(O2)CO)O,DTXSID20936337
CC1=C(C(=O)C2=C(C1=O)N3C[C@H]4[C@@H]([C@@]3([C@@H]2COC(=O)N)OC)N4)N,mitomycin C
CC(C)(C(C(=O)O)N)S,DL-Penicillamine
CC1=C(C(=CC=C1)[C@@H](C)C2=CN=CN2)C,levomedetomidine
C(C(F)(F)F)(OC(F)F)F,DESFLURANE
CC(C)(C)NCC(=O)NC1=CC(=C2C[C@H]3C[C@H]4[C@@H](C(=O)/C(=C(\N)/O)/C(=O)[C@]4(C(=O)C3=C(C2=C1O)O)O)N(C)C)N(C)C,Tigecycline
C[C@@H]1[C@H]([C@@H]([C@H]([C@H](O1)O[C@@H]2[C@H](O[C@@H]([C@@H]([C@H]2O)O)O[C@@H]3[C@H](OC([C@@H]([C@H]3O)O)O)CO)CO)O)O)N[C@H]4C=C([C@H]([C@@H]([C@H]4O)O)O)CO,"(3R,4R,5S,6R)-5-{[(2R,3R,4R,5S,6R)-5-{[(2R,3R,4S,5S,6R)-3,4-dihydroxy-6-methyl-5-{[(1S,4R,5S,6S)-4,5,6-trihydroxy-3-(hydroxymethyl)cyclohex-2-en-1-yl]amino}oxan-2-yl]oxy}-3,4-dihydroxy-6-(hydroxymethyl)oxan-2-yl]oxy}-6-(hydroxymethyl)oxane-2,3,4-triol"
CC(=O)NCCCS(=O)(=O)O,Acamprosate
C1=CC=C(C=C1)C2(C(=O)N(C(=O)N2)COP(=O)(O)O)C3=CC=CC=C3,Fosphenytoin
C1C(C(OC1N2C=NC3=C2NC=NCC3O)CO)O,2'-Deoxycoformycin
CCCNC(=O)NS(=O)(=O)C1=CC=C(C=C1)Cl,chlorpropamide
C[C@]12CC[C@H]3[C@H]([C@@H]1CCC2=O)CC(=C)C4=CC(=O)C=C[C@]34C,EXEMESTANE
CN(C)CCC(C1=CC=C(C=C1)Cl)C2=CC=CC=N2,chlorpheniramine
COC1=C(C=C2C(=C1)C(=NC(=N2)N3CCN(CC3)C(=O)C4=CC=CO4)N)OC,prazosin
CC1=C(N2C(C(C2=O)NC(=O)C(C3=CCC=CC3)N)SC1)C(=O)O,Cefradin
CC(C)(C)NC(=O)[C@@H]1CC2CCCCC2CN1C[C@H]([C@H](CC3=CC=CC=C3)NC(=O)[C@H](CC(=O)N)NC(=O)C4=NC5=CC=CC=C5C=C4)O,DTXSID201098894
CCCCS(=O)(=O)NC(CC1=CC=C(C=C1)OCCCCC2CCNCC2)C(=O)O,158808-86-7
CCCCCCC(C)(C)C1=CC(=C2C3CC(=O)CCC3C(OC2=C1)(C)C)O,56496-90-3
CON=C1CN(CC1CN)C2=C(C=C3C(=O)C(=CN(C3=N2)C4CC4)C(=O)O)F,Gemifioxacin
CN1CCN(CC1)CCC=C2C3=CC=CC=C3SC4=C2C=C(C=C4)S(=O)(=O)N(C)C,Thiothixene [USAN:USP]
CCN(CC)CCCC(C)NC1=C2C=CC(=CC2=NC=C1)Cl,chloroquine
CC(C)[C@H]1CCC[C@@H](C1)C(=O)N[C@H](CC2=CC=CC=C2)C(=O)O,SCHEMBL676870
CCN(CC1=CC=NC=C1)C(=O)C(CO)C2=CC=CC=C2,tropicamide
CCC(CO)NC(=O)C1CN(C2CC3=CNC4=CC=CC(=C34)C2=C1)C,Isomethergine
CCC[C@]1(CC(=O)C(=C(O1)O)[C@H](CC)C2=CC(=CC=C2)NS(=O)(=O)C3=NC=C(C=C3)C(F)(F)F)CCC4=CC=CC=C4,Tipranavir
CC(=O)N(CC(CO)O)C1=C(C(=C(C(=C1I)C(=O)NCC(CO)O)I)C(=O)NCC(CO)O)I,iohexol
COC1=C(C=C2C(=C1)N=CN=C2NC3=CC(=C(C=C3)F)Cl)OCCCN4CCOCC4,Gefitinib
CC(CCC1=CC=C(C=C1)O)NCCC2=CC(=C(C=C2)O)O,dobutamine
CCCCC[C@H](CC[C@@H]1[C@H](C[C@@H]2[C@H]1CC3=C(C2)C(=CC=C3)OCC(=O)O)O)O,(-)-Treprostinil
CCOC(=O)[C@H](CCC1=CC=CC=C1)N[C@@H](C)C(=O)N2CC3=CC(=C(C=C3C[C@H]2C(=O)O)OC)OC,MOEXIPRIL
COCCNC(=O)CN(CCN(CCN(CC(=O)NCCOC)CC(=O)[O-])CC(=O)[O-])CC(=O)[O-].[Gd+3],GADOVERSETAMIDE
CN(C)CCC1=CNC2=C1C=C(C=C2)CS(=O)(=O)N3CCCC3,Almotriptan
CCCC1=NC(=C2N1NC(=NC2=O)C3=C(C=CC(=C3)S(=O)(=O)N4CCN(CC4)CC)OCC)C,Vardenafil
C[C@]12CCC(=O)C=C1C[C@H](C3[C@]24C(O4)C[C@]5([C@H]3CC[C@@]56CCC(=O)O6)C)C(=O)OC,SCHEMBL8445849
CCC1(C2=C(COC1=O)C(=O)N3CC4=CC5=C(C=CC(=C5CN(C)C)O)N=C4C3=C2)O,"8-[(dimethylamino)methyl]-19-ethyl-7,19-dihydroxy-17-oxa-3,13-diazapentacyclo[11.8.0.02,11.04,9.015,20]henicosa-1(21),2,4(9),5,7,10,15(20)-heptaene-14,18-dione"
C1C(C1N)C2=CC=CC=C2,tranylcypromine
CCC(=O)N(C1=CC=CC=C1)C2(CCN(CC2)CCN3C(=O)N(N=N3)CC)COC,ALFENTANIL
CCCCC(C)(CC=CC1C(CC(=O)C1CCCCCCC(=O)OC)O)O,8-iso Misoprostol
C1C[C@H]([C@@H]([C@H]([C@@H]1N)O)O[C@H]2[C@@H]([C@@H]([C@H](O2)CO)O[C@@H]3[C@@H]([C@H]([C@@H]([C@@H](O3)CN)O)O)N)O)O[C@H]4C[C@@H]([C@H]([C@@H]([C@H]4N)O)O)CN,Unknown
CCC(C)CC(C)CCCCCCCCC(=O)N[C@H]1C[C@H]([C@H](NC(=O)[C@@H]2CCCN2C(=O)[C@@H](NC(=O)[C@@H](NC(=O)[C@@H]3C[C@H](CN3C(=O)[C@@H](NC1=O)[C@@H](C)O)O)[C@@H]([C@H](C4=CC=C(C=C4)O)O)O)[C@@H](CCN)O)NCCN)O,Gaspofungin Impurity F
CCCN1CCCCC1C(=O)NC2=C(C=CC=C2C)C,98626-61-0
CC(C)CN(C[C@H]([C@H](CC1=CC=CC=C1)NC(=O)O[C@H]2CO[C@@H]3[C@H]2CCO3)O)S(=O)(=O)C4=CC=C(C=C4)N,Darunavir
C1CC(=O)NC(=O)C1N2CC3=C(C2=O)C=CC=C3N,Lenalidomide
CNC(=O)C1=NC=CC(=C1)OC2=CC=C(C=C2)NC(=O)NC3=CC(=C(C=C3)Cl)C(F)(F)F,Sorafenib
C1CN(CCN1)C2=NC3=CC=CC=C3OC4=C2C=C(C=C4)Cl,amoxapine
CC(C)(C)C(=O)OCOP(=O)(COCCN1C=NC2=C(N=CN=C21)N)OCOC(=O)C(C)(C)C,ADEFOVIR DIPIVOXIL
CC(C[N+](C)(C)C)OC(=O)N,bethanechol
CC1=C(C(=O)N2CCCC(C2=N1)O)CCN3CCC(CC3)C4=NOC5=C4C=CC(=C5)F,Paliperidone
CC(C)CN(C[C@H]([C@H](CC1=CC=CC=C1)NC(=O)O[C@H]2CCOC2)OP(=O)(O)O)S(=O)(=O)C3=CC=C(C=C3)N,Fosamprenavir
COCC1=C(N2C(C(C2=O)NC(=O)C(=NOC)C3=CSC(=N3)N)SC1)C(=O)O,"7-[[2-(2-amino-1,3-thiazol-4-yl)-2-methoxyiminoacetyl]amino]-3-(methoxymethyl)-8-oxo-5-thia-1-azabicyclo[4.2.0]oct-2-ene-2-carboxylic acid"
CC(C)CN1C=NC2=C1C3=CC=CC=C3N=C2N,IMIQUIMOD
CC(C)C(=O)OCC(=O)[C@@]12[C@@H](C[C@@H]3[C@@]1(C[C@@H]([C@H]4[C@H]3CCC5=CC(=O)C=C[C@]45C)O)C)OC(O2)C6CCCCC6,141845-82-1
CCCC1=CC(=O)NC(=S)N1,propylthiouracil
CC(=O)NC1C(C=C(OC1C(C(CO)O)O)C(=O)O)N=C(N)N,C12H20N4O7
C(=O)([O-])[O-].C(=O)([O-])[O-].C(=O)([O-])[O-].O.[La+3].[La+3],DTXSID70969615
C(N)(N)(Cl)Cl,SCHEMBL11440306
COCCOC1=C(C=C2C(=C1)C(=NC=N2)NC3=CC=CC(=C3)C#C)OCCOC,Erlotinib
CC1(C2C(C3C(C(=O)C(=C(N)O)C(=O)C3(C(=O)C2=C(C4=C1C=CC=C4O)O)O)N(C)C)O)O,"4-(dimethylamino)-3,5,6,10,12,12a-hexahydroxy-6-methyl-1,11-dioxo-1,4,4a,5,5a,6,11,12a-octahydrotetracene-2-carboxamide"
C1=CC=C2C(=C1)C=NN=C2NN,hydralazine
C1=CC2=C(C=C1OC(F)(F)F)SC(=N2)N,riluzole
C[C@H](C1=CC(=CC(=C1)C(F)(F)F)C(F)(F)F)O[C@H]2[C@H](N(CCO2)CC3=NC(=O)NN3)C4=CC=C(C=C4)F,"(1R,2S,3R)-Aprepitant"
C[C@]12CC[C@H]3[C@H]([C@@H]1CC[C@@H]2O)[C@@H](CC4=C3C=CC(=C4)O)CCCCCCCCCS(=O)CCCC(C(F)(F)F)(F)F,Fulvestrant
CC1(C(N2C(S1)C(C2=O)NC(=O)CC3=CC=CC=C3)C(=O)O)C,CHEBI:17334
C[C@@H]1[C@@H]2[C@H](C(=O)N2C(=C1S[C@H]3C[C@H](NC3)C(=O)NC4=CC=CC(=C4)C(=O)O)C(=O)O)[C@@H](C)O,Ertapenem
CC1=C(C(=CC=C1)Cl)NC(=O)C2=CN=C(S2)NC3=CC(=NC(=N3)C)N4CCN(CC4)CCO,Dasatinib
CC[C@@H]([C@H](C)O)N1C(=O)N(C=N1)C2=CC=C(C=C2)N3CCN(CC3)C4=CC=C(C=C4)OCC5C[C@](OC5)(CN6C=NC=N6)C7=C(C=C(C=C7)F)F,DSSTox_GSID_49066
CC#CCC(C)[C@@H](/C=C/[C@H]1[C@@H](C[C@H]2[C@@H]1C/C(=C/CCCC(=O)O)/C2)O)O,ILOPROST
CCN(CC)CCNC(=O)C1=CC=C(C=C1)N,PROCAINAMIDE
CN[C@@H]1CCC2=C(C1)C3=C(N2)C=CC(=C3)C(=O)N,Frovatriptan
CC1=C2COC(=O)C2=C(C(=C1OC)CC(=O)O)O,C2-MPAcid
CN(C)NN=C1C(=NC=N1)C(=O)N,"(E)-5-(3,3-dimethyltriaz-1-en-1-yl)-1H-imidazole-4-carboxamide"
C[N+](C)(C)CCOC(=O)N,Carbamylcholine
CN1C=CNC1=S,methimazole
CCNC(=O)CCC/C=C\C[C@H]1[C@H](C[C@H]([C@@H]1/C=C/[C@H](CCC2=CC=CC=C2)O)O)O,Bimatoprost
CNCCCC12CCC(C3=CC=CC=C31)C4=CC=CC=C24,maprotiline
CC1CCN(C(C1)C(=O)O)C(=O)C(CCCN=C(N)N)NS(=O)(=O)C2=CC=CC3=C2NCC(C3)C,"1-[5-Carbamimidamido-2-(3-methyl-1,2,3,4-tetrahydroquinoline-8-sulfonamido)pentanoyl]-4-methylpiperidine-2-carboxylic acid"
COC1C(CC2CN3CCC4=C(C3CC2C1C(=O)OC)NC5=C4C=CC(=C5)OC)OC(=O)C6=CC(=C(C(=C6)OC)OC)OC,Salutensin
CO[C@@H]1[C@@H]([C@H]([C@@H]([C@H](O1)COS(=O)(=O)O)O[C@H]2[C@@H]([C@H]([C@@H]([C@@H](O2)C(=O)O)OC3[C@@H]([C@H]([C@@H]([C@H](O3)COS(=O)(=O)O)O[C@H]4[C@@H]([C@H]([C@@H]([C@H](O4)C(=O)O)O[C@@H]5[C@@H]([C@H]([C@@H]([C@H](O5)COS(=O)(=O)O)O)O)NS(=O)(=O)O)O)O)OS(=O)(=O)O)NS(=O)(=O)O)O)OS(=O)(=O)O)O)NS(=O)(=O)O,SCHEMBL1650579
C1C2=C(C=CC(=C2Cl)Cl)NC3=NC(=O)CN31,anagrelide
CCCCN1C[C@@H]([C@H]([C@@H]([C@H]1CO)O)O)O,Miglustat
[N]=O,Nitroxyl
CCN(CC)CCNC(=O)C1=C(NC(=C1C)/C=C\2/C3=C(C=CC(=C3)F)NC2=O)C,Sunitinib
C[C@H]1/C=C/C=C(\C(=O)NC\2=C(C3=C(C4=C(C(=C3O)C)O[C@@](C4=O)(O/C=C/[C@@H]([C@H]([C@H]([C@@H]([C@@H]([C@@H]([C@H]1O)C)O)C)OC(=O)C)C)OC)C)C(=O)/C2=C/NN5CCN(CC5)C)O)/C,MLS001148237
C([C@@H]1[C@H]([C@@H]([C@H]([C@@H](O1)O[C@]2([C@H]([C@@H]([C@H](O2)OS(=O)(=O)O)OS(=O)(=O)O)OS(=O)(=O)O)COS(=O)(=O)O)OS(=O)(=O)O)OS(=O)(=O)O)OS(=O)(=O)O)OS(=O)(=O)O.O.O.O.O.O.O.O.O.O.O.O.O.O.O.O.O.O.O.O.O.[Al].[Al].[Al].[Al].[Al].[Al].[Al].[Al].[Al],PD065508
CC(C)[C@@H](CC1=CC(=C(C=C1)OC)OCCCOC)C[C@@H]([C@H](C[C@@H](C(C)C)C(=O)NCC(C)(C)C(=O)N)O)N,Aliskiren
C1=CC=NC(=C1)NS(=O)(=O)C2=CC=C(C=C2)N/N=C/3\C=CC(=O)C(=C3)C(=O)O,sulfasalazine
C[C@H](CN1C=NC2=C(N=CN=C21)N)OCP(=O)(OCOC(=O)OC(C)C)OCOC(=O)OC(C)C,Tenofovir disoproxil
CC[C@@H]1/C=C(\C[C@@H](C[C@@H]([C@@H]2[C@H](C[C@H]([C@@](O2)(C(=O)C(=O)N3CCCC[C@H]3C(=O)O[C@@H]([C@@H]([C@H](CC1=O)O)C)/C(=C/[C@@H]4CC[C@@H]([C@@H](C4)OC)Cl)/C)O)C)OC)OC)C)/C,C43H68ClNO11
C=CC1=C(N2[C@@H]([C@@H](C2=O)NC(=O)C(=NO)C3=CSC(=N3)N)SC1)C(=O)O,Cefdinir (Omnicef)
C[C@H](/C=C/[C@H](C)C(C)(C)O)[C@H]1CC[C@@H]\2[C@@]1(CCC/C2=C\C=C3C[C@H](C[C@@H](C3)O)O)C,Paricalcitol
CCCCCN=C(N)NN/C=C/1\C=NC2=C1C=C(C=C2)CO,SCHEMBL16465
C1C[C@H]2C(=O)N[C@H]3CSSCCC(=O)N(C3=O)[C@H](C(=O)NCC(=O)N[C@H](C(=O)N[C@H](C(=O)N2C1)CC4=CNC5=CC=CC=C54)CC(=O)O)CCCCN=C(N)N,Unknown
CCP(CC)CC.CC(=O)OC[C@@H]1[C@H]([C@@H]([C@H]([C@@H](O1)[S-])OC(=O)C)OC(=O)C)OC(=O)C.[Au+],AURANOFIN
C1=C/C(=C/2\N/C(=C\3/C=CC=CC3=O)/N(N2)C4=CC=C(C=C4)C(=O)O)/C(=O)C=C1,Deferasirox
CC1=CC2=C(C=C1C)N(C=N2)C3C(C(C(O3)CO)OP(=O)([O-])OC(C)CNC(=O)CCC4(C(C5C6(C(C(C(=N6)C(=C7C(C(C(=N7)C=C8C(C(C(=N8)C(=C4[N-]5)C)CCC(=O)N)(C)C)CCC(=O)N)(C)CC(=O)N)C)CCC(=O)N)(C)CC(=O)N)C)CC(=O)N)C)O.O.[Co],CID 11953898
C1=CC(=CC=C1C(=O)NCCC(=O)O)N/N=C/2\C=CC(=O)C(=C2)C(=O)O,DTXSID50861027
CC1=C(C2=CC3=NC(=CC4=C(C(=C(N4)C=C5[C@@]6([C@@H](C(=CC=C6C(=N5)C=C1N2)C(=O)OC)C(=O)OC)C)C)CCC(=O)OC)C(=C3C)CCC(=O)O)C=C,Visudyne
C[C@H]1/C=C/C=C(\C(=O)NC2=C(C3=C(C4=C(C(=C3O)C)O[C@@](C4=O)(O/C=C/[C@@H]([C@H]([C@H]([C@@H]([C@@H]([C@@H]([C@H]1O)C)O)C)OC(=O)C)C)OC)C)C5=C2N6C=CC(=CC6=N5)C)O)/C,Rifaximin
CC1CC2C3CCC(C3(CC(C2(C4(C1=CC(=O)C=C4)C)F)O)C)(C(=O)C)O,DTXSID70859360
CCC(C)[C@@H]1[C@H](CC[C@@]2(O1)CC3C[C@H](O2)C/C=C(/[C@H]([C@H](/C=C/C=C/4\CO[C@H]5[C@@]4([C@@H](C=C([C@H]5O)C)C(=O)O3)O)C)O[C@H]6C[C@@H]([C@H]([C@@H](O6)C)OC7C[C@@H]([C@H]([C@@H](O7)C)O)OC)OC)\C)C.C[C@H]1CC[C@]2(CC3C[C@H](O2)C/C=C(/[C@H]([C@H](/C=C/C=C/4\CO[C@H]5[C@@]4([C@@H](C=C([C@H]5O)C)C(=O)O3)O)C)O[C@H]6C[C@@H]([C@H]([C@@H](O6)C)OC7C[C@@H]([C@H]([C@@H](O7)C)O)OC)OC)\C)O[C@@H]1C(C)C,Equimectrin
CC1=CC=C(C=C1)C(=O)C2=CC(=C(C(=C2)O)O)[N+](=O)[O-],Tolcapone
CC1=CC2=C(C=C1C(=C)C3=CC=C(C=C3)C(=O)O)C(CCC2(C)C)(C)C,Bexarotene
C(CCCC(=O)O)CCCC(=O)O,azelaic acid
C1=NC2C(=N1)NC(=NC2=S)N,SCHEMBL12257420
C(C(F)(F)F)(Cl)Br,halothane
CCCCCCCCCCCCCCCCCCCCCCO,1-DOCOSANOL
CCC12CC(=C)C3C(C1CC[C@]2(C#C)O)CCC4=CC(=O)CCC34,CHEMBL430483
CC1(OC2CC3C4CC(C5=CC(=O)C=CC5(C4(C(CC3(C2(O1)C(=O)CO)C)O)F)C)F)C,Dermatin (steroid)
CCC1=C2C=C3C(=C(C(=CC4=NC(=CC5=NC(=CC(=C1C)N2)C(=C5CCC(=O)O)C)C(=C4C)CCC(=O)O)N3)C(C)O)C,CHEMBL270363
CC1=C(SC=N1)/C=C\C2=C(N3[C@@H](C(C3=O)NC(=O)/C(=N\OC)/C4=CSC(=N4)N)SC2)C(=O)O,"(6R)-7-[[(2Z)-2-(2-amino-1,3-thiazol-4-yl)-2-methoxyiminoacetyl]amino]-3-[(Z)-2-(4-methyl-1,3-thiazol-5-yl)ethenyl]-8-oxo-5-thia-1-azabicyclo[4.2.0]oct-2-ene-2-carboxylic acid"
C1=CC(=C(C=C1Cl)Cl)C(CN2C=CN=C2)OCC3=C(SC=C3)Cl,tioconazole
