Side_Name,Side_VN
ADH inappropriate,Hội chứng tiết ADH không phù hợp
ADVERSE DRUG EFFECT,Tác dụng phụ của thuốc
AFIB,Rung nhĩ
Abdominal hernia,Thoát vị thành bụng
Abnormal Gait,Dáng đi bất thường
Abnormal LFTs,Xét nghiệm chức năng gan bất thường
Abnormal Laboratory Findings,Kết quả xét nghiệm bất thường
Abnormal vision,Thị lực bất thường
Aching joints,Đau khớp
Acidosis,Nhiễm toan
Acne,Mụn trứng cá
Acromegaly,Bệnh to đầu chi
Acute Respiratory Distress Syndrome,Hội chứng suy hô hấp cấp
Acute myeloblastic leukemia,Bạch cầu tủy cấp
Adenopathy,Hạch to
Alcoholic intoxication,Ngộ độc rượu
Altered Bowel Function,Rối loạn chức năng ruột
Amnesia,Mất trí nhớ
Anal fistula,Rò hậu môn
Anemia aplastic,Thiếu máu bất sản
Anisocoria,Đồng tử không đều
Anorexia,Chán ăn
Anxiety,Lo âu
Aphonia,Mất tiếng
Apnea,Ngưng thở
Arachnoiditis,Viêm màng nhện
Arrhythmia,Rối loạn nhịp tim
Arthritis bacterial,Viêm khớp do vi khuẩn
Arthritis infective,Viêm khớp nhiễm trùng
Arthritis rheumatoid,Viêm khớp dạng thấp
Aseptic meningitis,Viêm màng não vô trùng
Aspartate Aminotransferase Increase,Tăng men gan AST
Astrocytoma,U sao bào
Ataxia,Mất điều hòa vận động
Atherosclerosis,Xơ vữa động mạch
Atrioventricular block complete,Block nhĩ thất hoàn toàn
Atrioventricular block first degree,Block nhĩ thất độ I
Back Ache,Đau lưng
Bacteraemia,Nhiễm khuẩn huyết
Bacterial infection,Nhiễm khuẩn
Benign Neoplasm,U lành tính
Bicuspid Aortic Valve,Van động mạch chủ hai lá
Bilirubinaemia,Tăng bilirubin máu
Bladder Neoplasm,U bàng quang
Bladder inflammation,Viêm bàng quang
Bleeding,Chảy máu
Bleeding gums,Chảy máu nướu
Bleeding hemorrhoids,Trĩ chảy máu
Blepharospasm,Co thắt mí mắt
Blood Calcium Increased,Tăng canxi máu
Blood calcium decreased,Giảm canxi máu
Blood disorder,Rối loạn về máu
Bone Fracture Spontaneous,Gãy xương tự phát
Bone marrow fibrosis,Xơ hóa tủy xương
Bradyarrhythmia,Nhịp tim chậm bất thường
Breakthrough bleeding,Chảy máu giữa kỳ
Breast Lump,Khối u vú
Breast abscess,Áp xe vú
Breast cancer,Ung thư vú
Breast cyst,U nang vú
Breast disorder,Rối loạn tuyến vú
Breast swelling,Sưng vú
Bunion,Lệch ngón chân cái
Burns Second Degree,Bỏng độ hai
CMV infection,Nhiễm virus CMV
CYSTO,Nội soi bàng quang
Caesarean Section,Mổ lấy thai
Candida Infection,Nhiễm nấm Candida
Carcinoma of Prostate,Ung thư tuyến tiền liệt
Cardiac decompensation,Suy tim mất bù
Cardiac ischemia,Thiếu máu cơ tim
Cardiac tamponade,Chèn ép tim
Cardiomyopathy,Bệnh cơ tim
Cerebral thrombosis,Huyết khối não
Chest infection,Nhiễm trùng đường hô hấp
Chest wall pain,Đau thành ngực
Cholangitis,Viêm đường mật
Cholangitis sclerosing,Viêm đường mật xơ cứng
Chronic Kidney Disease,Bệnh thận mạn tính
Clotting,Rối loạn đông máu
Cold extremities,Tay chân lạnh
Collagen disease,Bệnh mô liên kết
Colon Spastic,Co thắt đại tràng
Colpitis,Viêm âm đạo
Convulsions Grand Mal,Co giật toàn thể
Cor pulmonale,Tâm phế mạn
Corneal clouding,Đục giác mạc
Corneal dystrophy,Loạn dưỡng giác mạc
Cough,Ho
Cryptosporidiosis,Nhiễm ký sinh trùng Cryptosporidium
Cutaneous mycosis,Nấm da
Cystic Fibrosis,Bệnh xơ nang
Cystitis Interstitial,Viêm bàng quang kẽ
Deafness neurosensory,Điếc thần kinh giác quan
Decreased Libido,Giảm ham muốn tình dục
Decreased hearing,Giảm thính lực
Dermatitis diaper,Viêm da do tã
Detached retina,Bong võng mạc
Diabetes,Đái tháo đường
Diabetic Nephropathy,Bệnh thận do đái tháo đường
Diabetic Retinopathy,Bệnh võng mạc do đái tháo đường
Diabetic neuropathy,Bệnh thần kinh do đái tháo đường
Difficulty breathing,Khó thở
Diphtheria,Bạch hầu
Diplopia,Song thị
Disorder Lung,Rối loạn phổi
Disorder Peripheral Vascular,Rối loạn mạch máu ngoại biên
Disorder Retinal,Rối loạn võng mạc
Drug addiction,Nghiện thuốc
Drug hypersensitivity,Quá mẫn thuốc
Dyspnea exertional,Khó thở khi gắng sức
Dyspnoea paroxysmal nocturnal,Khó thở kịch phát về đêm
EBV infection,Nhiễm virus EBV
Easy bruisability,Dễ bầm tím
Ejaculation Premature,Xuất tinh sớm
Ekbom Syndrome,Hội chứng Ekbom
Electrolyte disorder,Rối loạn điện giải
Embolism pulmonary,Thuyên tắc phổi
Endometrial Atrophy,Teo nội mạc tử cung
Endometrial cancer,Ung thư nội mạc tử cung
Endometrial hyperplasia,Tăng sản nội mạc tử cung
Endometritis,Viêm nội mạc tử cung
Enuresis,Đái dầm
Eosinophil Count Increased,Tăng bạch cầu ái toan
Erythema nodosum,Hồng ban nút
Essential Thrombocythemia,Tăng tiểu cầu tiên phát
Eustachian tube disorder,Rối loạn vòi nhĩ
Excess potassium,Tăng kali máu
Excoriation,Trầy xước da
Extrasystoles Ventricular,Ngoại tâm thu thất
Extremity pain,Đau chi
Fainting,Ngất
Fatigue,Mệt mỏi
Fatty stools,Phân mỡ
Feeling unwell,Khó chịu trong người
Gastric Cancer,Ung thư dạ dày
Gastric ulcer perforated,Thủng loét dạ dày
Gastrointestinal Obstruction,Tắc ruột
Glossitis,Viêm lưỡi
Glucose intolerance,Rối loạn dung nạp glucose
HIV disease,Bệnh HIV/AIDS
HIV positive,Dương tính với HIV
Haemophilia,Bệnh máu khó đông
Hallucination,Ảo giác
Head ache,Đau đầu
Hepatic failure,Suy gan
Hepatitis A,Viêm gan A
Hepatitis C,Viêm gan C
Hernia Inguinal,Thoát vị bẹn
Herpes ophthalmic,Herpes mắt
Herxheimer reaction,Phản ứng Jarisch-Herxheimer
High blood pressure,Tăng huyết áp
Hoarseness,Khàn tiếng
Hypercapnia,Tăng CO2 máu
Hyperprolactinaemia,Tăng prolactin máu
Hypomagnesaemia,Hạ magie máu
Hypophosphataemia,Hạ phosphat máu
Hypotension Orthostatic,Hạ huyết áp tư thế
Hypoventilation,Giảm thông khí
IgA nephropathy,Bệnh thận IgA
Incontinence,Mất kiểm soát tiểu tiện
Infection Upper Respiratory,Nhiễm trùng đường hô hấp trên
Infection Urinary Tract,Nhiễm trùng đường tiết niệu
Infection Viral,Nhiễm virus
Interstitial nephritis,Viêm thận kẽ
Intertrigo,Hăm kẽ da
Intervertebral Disc Herniation,Thoát vị đĩa đệm
Irritation Skin,Kích ứng da
JRA,Viêm khớp dạng thấp thiếu niên
Keloid scar,Sẹo lồi
Lacrimal Disorder,Rối loạn tuyến lệ
Legionella,Nhiễm vi khuẩn Legionella
Leriche syndrome,Hội chứng Leriche
Leukaemia,Bệnh bạch cầu
Lice Infestation,Nhiễm chấy rận
Light sensitivity,Nhạy cảm với ánh sáng
Lyell,Hội chứng Lyell
Lyme Disease,Bệnh Lyme
Lymphatic Disorders,Rối loạn hệ bạch huyết
Lymphocytes decreased,Giảm lympho bào
MPD,Rối loạn tăng sinh tủy
Masculinization,Nam tính hóa
Meningitis Viral,Viêm màng não do virus
Menstrual Disorder,Rối loạn kinh nguyệt
Mod,Không rõ (MOD)
Morphea,Xơ cứng bì khu trú
Multiple Myeloma,Đa u tủy
Mumps,Quai bị
Muscle Rupture,Rách cơ
Mycobacterium tuberculosis infection,Nhiễm vi khuẩn lao
Myringitis,Viêm màng nhĩ
Nail disorder,Rối loạn móng
Near Syncope,Tiền ngất
Nephrogenic diabetes insipidus,Đái tháo nhạt do thận
Nephrolithiasis,Sỏi thận
Neuralgia,Đau dây thần kinh
Neuritis,Viêm dây thần kinh
Neuromuscular Disorder,Rối loạn thần kinh cơ
Neurosis,Rối loạn thần kinh chức năng
Neutropenia,Giảm bạch cầu trung tính
Nodule Skin,Nốt da
OPTIC NEURITIS,Viêm dây thần kinh thị giác
Oily Skin,Da dầu
Oligomenorrhea,Thiểu kinh
Onycholysis,Bong móng
Osteoarthritis,Thoái hóa khớp
Osteogenesis Imperfecta,Bệnh xương thủy tinh
Ovarian Cyst,U nang buồng trứng
Ovarian cancer,Ung thư buồng trứng
PMs,Hội chứng tiền kinh nguyệt
Pain,Đau
Papilloma,U nhú
Paraesthesia,Dị cảm
Parkinson,Bệnh Parkinson
Pelvic Inflammatory Disease,Viêm vùng chậu
Penile pain,Đau dương vật
Penile swelling,Sưng dương vật
Personality disorder,Rối loạn nhân cách
Pertussis,Ho gà
Peyronies Disease,Bệnh Peyronie
Pharyngitis Streptococcal,Viêm họng do liên cầu
Phlebitis,Viêm tĩnh mạch
Pleural Effusion,Tràn dịch màng phổi
Pneumocystis carinii infection,Nhiễm Pneumocystis carinii
Pneumocystis carinii pneumonia,Viêm phổi do Pneumocystis carinii
Polio,Bại liệt
Polymenorrhea,Đa kinh
Porphyria,Bệnh rối loạn chuyển hóa porphyrin
Post nasal drip,Chảy dịch mũi sau
Post thrombotic syndrome,Hội chứng hậu huyết khối
Postherpetic Neuralgia,Đau dây thần kinh sau zona
Prinzmetal variant angina,Đau thắt ngực biến thể Prinzmetal
Pterygium,Mộng thịt
Raynauds phenomenon,Hiện tượng Raynaud
Rectal Tenesmus,Mót rặn trực tràng
Retinal artery occlusion,Tắc động mạch võng mạc
Retroperitoneal fibrosis,Xơ hóa sau phúc mạc
Rhagades,Nứt kẽ da
Rheumatic fever,Sốt thấp khớp
Rhinitis,Viêm mũi
Rhinitis Seasonal,Viêm mũi theo mùa
Rubella,Sởi Đức
SCLC,Ung thư phổi tế bào nhỏ
Salivary Gland Calculus,Sỏi tuyến nước bọt
Salmonella,Nhiễm Salmonella
Salpingitis,Viêm vòi trứng
Scar,Sẹo
Scleroderma,Xơ cứng bì
Scoliosis,Vẹo cột sống
Seasonal Affective Disorder,Rối loạn cảm xúc theo mùa
Seroma,Tụ dịch
Sinus headache,Đau đầu do viêm xoang
Sinusitis,Viêm xoang
Sjogrens syndrome,Hội chứng Sjogren
Skin Striae,Rạn da
Small intestinal obstruction,Tắc ruột non
Spinal Compression Fracture,Gãy lún đốt sống
Spinal fracture,Gãy cột sống
Splenic infarction,Nhồi máu lách
Strabismus,Lác mắt
Stress incontinence,Tiểu không tự chủ do gắng sức
Superficial thrombophlebitis,Viêm tĩnh mạch nông
Supraventricular tachycardia,Nhịp nhanh trên thất
Tendinitis,Viêm gân
Tenosynovitis,Viêm bao gân
Thrombophlebitis,Viêm tĩnh mạch huyết khối
Tinea Capitis,Nấm da đầu
Tooth Impacted,Răng mọc ngầm
Tracheobronchitis,Viêm khí phế quản
Transfusion reaction,Phản ứng truyền máu
Tympanic membrane disorder,Rối loạn màng nhĩ
Typhoid,Thương hàn
Uterine polyp,Polyp tử cung
Vaginal prolapse,Sa âm đạo
Vasomotor Rhinitis,Viêm mũi vận mạch
Vestibular disorder,Rối loạn tiền đình
Viral Pharyngitis,Viêm họng do virus
Viral rash NOS,Phát ban do virus không xác định
Vitamin D Deficiency,Thiếu vitamin D
Vitreous haemorrhage,Xuất huyết dịch kính
Whiplash Injury,Chấn thương cổ do tăng giảm tốc
abdominal distension,Chướng bụng
abdominal pain,Đau bụng
abdominal pain upper,Đau bụng trên
abnormal ECG,Điện tâm đồ bất thường
abnormal EEG,Điện não đồ bất thường
abnormal cervical smear,Phết tế bào cổ tử cung bất thường
abnormal mammogram,Nhũ ảnh bất thường
abnormal movements,Rối loạn vận động
abortion missed,Thai lưu
abortion spontaneous,Sảy thai tự nhiên
abscess,Áp xe
abuse,Lạm dụng
acanthosis nigricans,Gai đen
aching muscles,Đau cơ
acid reflux,Trào ngược axit
acne rosacea,Trứng cá đỏ
acquired immune deficiency syndrome,Hội chứng suy giảm miễn dịch mắc phải (AIDS)
actinic keratosis,Dày sừng quang hóa
acute brain syndrome,Hội chứng não cấp
acute bronchitis,Viêm phế quản cấp
acute febrile neutrophilic dermatosis,Viêm da bạch cầu trung tính cấp tính kèm sốt
acute glomerulonephritis,Viêm cầu thận cấp
acute intermittent porphyria,Rối loạn chuyển hóa porphyrin cấp tính từng cơn
acute kidney failure,Suy thận cấp
acute otitis media,Viêm tai giữa cấp
acute pancreatitis,Viêm tụy cấp
acute psychosis,Loạn thần cấp
acute sinusitis,Viêm xoang cấp
adenitis,Viêm hạch
adenocarcinoma,U tuyến ác tính
adenoid hypertrophy,Phì đại VA
adenoma,U tuyến lành tính
adenomyosis,Lạc nội mạc tử cung trong cơ tử cung
adjustment disorder,Rối loạn thích nghi
adrenal carcinoma,Ung thư tuyến thượng thận
adrenal insufficiency,Suy tuyến thượng thận
adynamic ileus,Liệt ruột cơ năng
agitated,Kích động
agnosia,Mất nhận thức
agoraphobia,Chứng sợ khoảng trống
agranulocytoses,Mất bạch cầu hạt
albuminuria,Albumin niệu
alcohol abuse,Lạm dụng rượu
alcohol consumption,Uống rượu
alcoholic cirrhosis,Xơ gan do rượu
alkalosis,Nhiễm kiềm
allergic alveolitis,Viêm phế nang dị ứng
allergic bronchitis,Viêm phế quản dị ứng
allergic dermatitis,Viêm da dị ứng
allergic rhinitis,Viêm mũi dị ứng
allergic vasculitis,Viêm mạch dị ứng
allergies,Dị ứng
alopecia,Rụng tóc
als,Xơ cứng teo cơ một bên
alveolar proteinosis,Bệnh tích tụ protein phế nang
amaurosis fugax,Mù thoáng qua
amblyopia,Nhược thị
amenorrhea,Vô kinh
amentia,Lú lẫn
amyloidosis,Bệnh amyloid
amyotrophy,Teo cơ
anaemia,Thiếu máu
anaemia hypochromic,Thiếu máu nhược sắc
anal fissure,Nứt hậu môn
anal pruritus,Ngứa hậu môn
anaphylactic reaction,Phản vệ
aneurysm,Phình mạch
angiitis,Viêm mạch
angina,Đau thắt ngực
angioedema,Phù mạch
angiopathy,Bệnh mạch máu
angle closure glaucoma,Glôcôm góc đóng
animal bite,Vết cắn động vật
ankle fracture,Gãy cổ chân
ankylosing spondylitis,Viêm cột sống dính khớp
anogenital warts,Mụn cóc sinh dục
anosmia,Mất khứu giác
anovulatory,Không rụng trứng
anthrax,Bệnh than
antinuclear antibody positive,Kháng thể kháng nhân dương tính
aortic aneurysm,Phình động mạch chủ
aortic regurgitation,Hở van động mạch chủ
aortic stenosis,Hẹp van động mạch chủ
aphasia,Mất ngôn ngữ
aphthous stomatitis,Viêm loét áp-tơ miệng
aplasia pure red cell,Bất sản dòng hồng cầu đơn thuần
apoplexy,Đột quỵ
appendectomy,Cắt ruột thừa
appendicitis,Viêm ruột thừa
apraxia,Mất động tác hữu ý
aptyalism,Khô miệng
arterial insufficiency,Suy động mạch
arterial pressure NOS decreased,Hạ huyết áp
arterial pressure NOS increased,Tăng huyết áp
arteriosclerosis,Xơ cứng động mạch
arteriosclerotic heart disease,Bệnh tim do xơ vữa động mạch
arteritis,Viêm động mạch
arthritis,Viêm khớp
arthropathy,Bệnh khớp
ascites,Cổ trướng
aseptic necrosis bone,Hoại tử xương vô mạch
aspergillosis,Nhiễm nấm Aspergillus
aspiration pneumonia,Viêm phổi hít
asthenia,Suy nhược
asthenopia,Mỏi mắt
asthma,Hen suyễn
asystole,Vô tâm thu
atelectasis,Xẹp phổi
atrial ectopic beats,Ngoại tâm thu nhĩ
atrial flutter,Cuồng nhĩ
atrial septal defect,Thông liên nhĩ
atrioventricular block,Block nhĩ thất
atrioventricular block second degree,Block nhĩ thất độ II
atrophy of skin,Teo da
attempted suicide,Tự tử không thành
atypical mycobacterial infection,Nhiễm mycobacteria không điển hình
autonomic instability,Rối loạn thần kinh tự chủ
autonomic neuropathy,Bệnh thần kinh tự chủ
avascular necrosis,Hoại tử vô mạch
azotaemia,Tăng ure máu
back injury,Chấn thương lưng
bacterial conjunctivitis,Viêm kết mạc do vi khuẩn
bacterial endocarditis,Viêm nội tâm mạc do vi khuẩn
bacterial pneumonia,Viêm phổi do vi khuẩn
bacterial vaginitis,Viêm âm đạo do vi khuẩn
bad breath,Hôi miệng
balance disorder,Rối loạn thăng bằng
balanitis,Viêm quy đầu
basal cell carcinoma,Ung thư biểu mô tế bào đáy
belching,Ợ hơi
benign intracranial hypertension,Tăng áp lực nội sọ lành tính
benign prostatic hyperplasia,Phì đại tuyến tiền liệt lành tính
biliary cirrhosis,Xơ gan mật
biliary tract disorder,Rối loạn đường mật
bipolar disorder,Rối loạn lưỡng cực
birth defect,Dị tật bẩm sinh
black stools,Phân đen
bladder atony,Mất trương lực bàng quang
bladder cancer,Ung thư bàng quang
bladder diverticulum,Túi thừa bàng quang
bladder retention,Bí tiểu
bleb,Bóng nước nhỏ
bleeding Vaginal,Xuất huyết âm đạo
blepharitis,Viêm bờ mi
blepharoptosis,Sụp mi
blindness,Mù lòa
blood in urine,Tiểu máu
blood pressure abnormal,Huyết áp bất thường
blood sodium decreased,Hạ natri máu
blurred vision,Nhìn mờ
body temperature increased,Sốt
body tinea,Nấm da thân mình
bone fracture,Gãy xương
bone inflammation,Viêm xương
bone marrow failure,Suy tủy xương
bone marrow transplant,Ghép tủy xương
bone neoplasm,U xương
bone pain,Đau xương
bone sarcoma,Sarcoma xương
bone spur,Gai xương
borderline personality disorder,Rối loạn nhân cách ranh giới
brachial neuritis,Viêm dây thần kinh cánh tay
brachial plexus injury,Tổn thương đám rối thần kinh cánh tay
bradycardia,Nhịp tim chậm
brain abscess,Áp xe não
brain concussion,Chấn động não
brain neoplasm,U não
breast discharge,Tiết dịch vú
breast dysplasia,Loạn sản vú
breast enlargement,Phì đại vú
breast inflammation,Viêm vú
breast malformation,Dị dạng vú
breast neoplasm,U vú
breast pain,Đau vú
breast tenderness,Căng đau vú
bronchial spasm,Co thắt phế quản
bronchiectasis,Giãn phế quản
bronchiolitis,Viêm tiểu phế quản
bronchitis,Viêm phế quản
bruise,Bầm tím
bruxism,Nghiến răng
bulging,Phồng lên
bulimia,Chứng ăn vô độ
bundle branch block,Block nhánh
bundle branch block left,Block nhánh trái
bundle branch block right,Block nhánh phải
burning sensation,Cảm giác nóng rát
bursitis,Viêm bao hoạt dịch
cachectic,Suy mòn
calculus ureteric,Sỏi niệu quản
cancer,Ung thư
candidiasis of mouth,Nấm miệng
candidiasis of vagina,Nấm âm đạo
carbuncle,Nhọt cụm
carcinoid syndrome,Hội chứng carcinoid
carcinoid tumour,U carcinoid
carcinoma,Ung thư biểu mô
carcinoma of the cervix,Ung thư cổ tử cung
carcinoma of the colon,Ung thư đại tràng
cardiac disease,Bệnh tim
cardiac enlargement,Tim to
cardiac failure,Suy tim
cardiac murmur,Tiếng thổi tim
cardiac valvulopathy,Bệnh van tim
cardiovascular collapse,Trụy tim mạch
carotid artery stenosis,Hẹp động mạch cảnh
carotid bruit,Âm thổi động mạch cảnh
carpal tunnel,Hội chứng ống cổ tay
cataplexy,Cơn mất trương lực cơ
cataract,Đục thủy tinh thể
causalgia,Đau bỏng rát thần kinh
cavernous sinus thrombosis,Huyết khối xoang hang
cellulitis,Viêm mô tế bào
cerebellar ataxia,Thất điều tiểu não
cerebral artery embolism,Thuyên tắc động mạch não
cerebral atrophy,Teo não
cerebral haemorrhage,Xuất huyết não
cerebral infarct,Nhồi máu não
cerebral ischaemia,Thiếu máu não
cerebral palsy,Bại não
cerebral vascular disorder,Rối loạn mạch máu não
cerumen impaction,Nút ráy tai
cervical dysplasia,Loạn sản cổ tử cung
cervical polyp,Polyp cổ tử cung
cervical stenosis,Hẹp cổ tử cung
cervical vertebral fracture,Gãy đốt sống cổ
cervicalgia,Đau cổ
cervicitis,Viêm cổ tử cung
chalazion,Lẹo trong
cheilosis,Viêm khóe miệng
chest pain,Đau ngực
chicken pox,Thủy đậu
chill,Ớn lạnh
chloasma,Nám da
choking,Nghẹn
cholecystectomies,Cắt túi mật
cholecystitis,Viêm túi mật
cholecystitis acute,Viêm túi mật cấp
cholecystitis chronic,Viêm túi mật mạn
cholelithiasis,Sỏi mật
chondrocalcinosis pyrophosphate,Lắng đọng calci pyrophosphat ở sụn
chondrodystrophy,Loạn sản sụn
choreoathetosis,Múa vờn
choriocarcinoma,U nguyên bào nuôi
chorioretinitis,Viêm hắc võng mạc
chronic active hepatitis,Viêm gan mạn hoạt động
chronic hepatitis,Viêm gan mạn
chronic obstructive airway disease,Bệnh phổi tắc nghẽn mạn tính
chronic sinusitis,Viêm xoang mạn
chronic ulcerative colitis,Viêm loét đại tràng mạn
cirrhosis,Xơ gan
cleft lip,Sứt môi
cleft palate,Hở hàm ếch
cluster headache,Đau đầu cụm
coated tongue,Lưỡi bẩn
coccidioidomycosis,Nhiễm nấm Coccidioides
coccydynia,Đau xương cụt
coeliac disease,Bệnh celiac
cognitive disorder,Rối loạn nhận thức
colitis,Viêm đại tràng
colitis ischemic,Viêm đại tràng thiếu máu
colitis pseudomembranous,Viêm đại tràng giả mạc
collagenvascular disease,Bệnh mô liên kết
colon neoplasm,U đại tràng
colon polypectomy,Cắt polyp đại tràng
colonic obstruction,Tắc đại tràng
colonic polyp,Polyp đại tràng
color blindness,Mù màu
colostomy,Mở thông đại tràng
coma,Hôn mê
confusion,Lú lẫn
congenital heart disease,Bệnh tim bẩm sinh
conjunctivitis,Viêm kết mạc
conjunctivitis viral,Viêm kết mạc do virus
connective tissue disease,Bệnh mô liên kết
constipated,Táo bón
constrictive pericarditis,Viêm màng ngoài tim co thắt
contact dermatitis,Viêm da tiếp xúc
contracture,Co rút
conversion disorder,Rối loạn chuyển dạng
convulsion,Co giật
corneal abrasion,Trầy xước giác mạc
corneal degeneration,Thoái hóa giác mạc
corneal disorder,Rối loạn giác mạc
corneal ulcer,Loét giác mạc
coronary angioplasty,Nong mạch vành
coronary artery bypass graft,Phẫu thuật bắc cầu động mạch vành
corticosteroid therapy,Điều trị corticosteroid
costochondritis,Viêm sụn sườn
coughing blood,Ho ra máu
cramp,Chuột rút
cryptococcosis,Nhiễm nấm Cryptococcus
cryptorchidism,Tinh hoàn ẩn
cutaneous candidiasis,Nấm da Candida
cutaneous ulcer,Loét da
cyst,Nang
cystic acne,Trứng cá nang
dacrocystitis,Viêm túi lệ
dandruff,Gàu
deafness,Điếc
decreased body temperature,Hạ thân nhiệt
decreased lacrimation,Giảm tiết nước mắt
decubitus ulcer,Loét tì đè
deep vein thromboses,Huyết khối tĩnh mạch sâu
defaecation urgency,Mót đại tiện
deglutition disorder,Rối loạn nuốt
dehydration,Mất nước
delirium tremens,Sảng run do rượu
dental abscess,Áp xe răng
dental caries,Sâu răng
dental pain,Đau răng
depigmentation,Mất sắc tố
dermatitides,Viêm da
dermatitis exfoliative,Viêm da tróc vảy
dermatitis medicamentosa,Viêm da do thuốc
dermatitis seborrheic,Viêm da tiết bã
dermatomyositis,Viêm da cơ
dermatophytosis,Nấm da
dermoid cyst,Nang dermoid
diabetes insipidus,Đái tháo nhạt
diabetic acidosis,Acidosis đái tháo đường
diaphragmatic hernia,Hernia cơ hoành
diarrhea,Tiêu chảy
diarrhea infectious,Tiêu chảy do nhiễm trùng
difficulty in walking,Khó đi lại
disease of liver,Bệnh gan
dislocation,Gãy khớp
disorder Renal,Bệnh thận
disorders of lipid metabolism,Rối loạn chuyển hóa lipid
disseminated lupus erythematosus,Lupus ban đỏ lan tỏa
distended bladder,Bàng quang căng phồng
diverticulitis,Viêm túi thừa đại tràng
diverticulosis,Túi thừa đại tràng
dizziness,Chóng mặt
drowsiness,Buồn ngủ
drug toxicity NOS,Ngộ độc thuốc không xác định
drug withdrawal,Hội chứng cai thuốc
dry eye,Khô mắt
dry skin,Da khô
duodenal ulcer,Loét tá tràng
duodenal ulcer haemorrhage,Xuất huyết loét tá tràng
duodenal ulcer perforation,Thủng loét tá tràng
duodenitis,Viêm tá tràng
dwarfism,Chứng lùn
dysaesthesia,Rối loạn cảm giác
dysarthria,Rối loạn phát âm
dyshidrosis,Tổ đỉa
dyslexia,Rối loạn đọc
dysmenorrhea,Đau bụng kinh
dyspepsia,Khó tiêu
dysphasia,Rối loạn ngôn ngữ
dysphemia,Nói lắp
dysphonia,Rối loạn giọng nói
dysuria,Tiểu buốt
ear ache,Đau tai
ear discharge,Chảy dịch tai
ear infection,Nhiễm trùng tai
eating disorder,Rối loạn ăn uống
ecchymoses,Vết bầm máu
eclampsia,Sản giật
ectopic pregnancies,Thai ngoài tử cung
ectropion,Lật mi
eczema,Chàm
edema,Phù
edema extremities,Phù chi
elevated cholesterol,Tăng cholesterol máu
elevated erythrocyte sedimentation rate,Tăng tốc độ lắng hồng cầu
elevated prostate specific antigen,Tăng PSA
elevated triglycerides,Tăng triglycerid máu
embolism,Thuyên tắc
emesis,Nôn
emphysema,Khí phế thũng
empyema,Tràn mủ
encephalitis,Viêm não
encephalitis viral,Viêm não do virus
encephalopathy,Bệnh não
encephalopathy hypertensive,Bệnh não do tăng huyết áp
encopresis,Đại tiện không tự chủ
endocarditis,Viêm nội tâm mạc
endocrine disorder,Rối loạn nội tiết
endometriosis,Lạc nội mạc tử cung
enlarged liver,Gan to
enlarged spleen,Lách to
enteritis,Viêm ruột
enterocolitis,Viêm ruột kết
entropion,Quặm mi
eosinophilic pneumonia,Viêm phổi tăng bạch cầu ái toan
eosinophilic pneumonia acute,Viêm phổi tăng bạch cầu ái toan cấp
ephelides,Tàn nhang
epicondylitis,Viêm lồi cầu
epididymitis,Viêm mào tinh hoàn
epidural abscess,Áp xe ngoài màng cứng
epidural hematoma,Tụ máu ngoài màng cứng
epiglottitis,Viêm nắp thanh quản
epilepsy,Động kinh
episcleritis,Viêm củng mạc thượng
epistaxis,Chảy máu cam
erosive gastritis,Viêm dạ dày trợt
eruption,Phát ban
erysipelas,Viêm quầng
erythema,Ban đỏ
erythema multiforme,Hồng ban đa dạng
erythremia,Đa hồng cầu
esophageal cancer,Ung thư thực quản
esophageal perforation,Thủng thực quản
esophageal rupture,Vỡ thực quản
esophageal spasm,Co thắt thực quản
esophageal stenosis,Hẹp thực quản
esophageal ulcer,Loét thực quản
esophagitis,Viêm thực quản
essential hypertension,Tăng huyết áp nguyên phát
estrogen replacement,Liệu pháp thay thế estrogen
eustachian tube obstruction,Tắc vòi nhĩ
excessive salivation,Tăng tiết nước bọt
excessive sleepiness,Buồn ngủ quá mức
excessive thirst,Khát nhiều
exophthalmos,Lồi mắt
exploratory laparotomy,Mổ thăm dò ổ bụng
external ear infection,Nhiễm trùng tai ngoài
eye infection,Nhiễm trùng mắt
eye injury,Chấn thương mắt
eye pain,Đau mắt
eye redness,Mắt đỏ
eye swelling,Mắt sưng
eyelid diseases,Bệnh mí mắt
face pain,Đau mặt
facial flushing,Đỏ bừng mặt
facial palsy,Liệt mặt
faecal impaction,Phân ứ đọng
faecal incontinence,Tiểu tiện không tự chủ
failure to thrive,Chậm phát triển
familial adenomatous polyposis,Đa polyp tuyến gia đình
familial hypercholesterolemia,Tăng cholesterol máu gia đình
fasciitis,Viêm cân mạc
fascitis plantar,Viêm cân gan chân
fat embolism,Thuyên tắc mỡ
fatty liver,Gan nhiễm mỡ
febrile convulsion,Co giật do sốt
fecal occult blood,Máu ẩn trong phân
femoral neck fracture,Gãy cổ xương đùi
femur fracture,Gãy xương đùi
fib,Rung nhĩ
fibroadenoma of breast,U xơ tuyến vú
fibroids,U xơ
fibromyalgia,Đau cơ xơ hóa
fibrosing alveolitis,Viêm phế nang xơ hóa
fistula,Rò
flank pain,Đau hông lưng
flashbacks,Hồi tưởng ám ảnh
flashing lights,Nhìn thấy ánh chớp
flatulence,Đầy hơi
floaters,Ruồi bay trước mắt
flu,Cúm
folate deficiency,Thiếu folate
folliculitis,Viêm nang lông
food allergy,Dị ứng thực phẩm
food intolerance,Bất dung nạp thực phẩm
food poisoning,Ngộ độc thực phẩm
foreign body in eye,Dị vật trong mắt
fracture nonunion,Gãy xương không liền
fractured pelvis NOS,Gãy xương chậu (không xác định)
fungal disease,Bệnh do nấm
furuncle,Nhọt
galactorrhea,Tiết sữa bất thường
gall bladder,Túi mật
gallbladder cancer,Ung thư túi mật
gallbladder perforation,Thủng túi mật
gallbladder polyp,Polyp túi mật
ganglion,U hạch hoạt dịch
gangrene,Hoại tử
gastric dilatation,Giãn dạ dày
gastric inflammation,Viêm dạ dày
gastric polyps,Polyp dạ dày
gastric stasis,Ứ trệ dạ dày
gastric ulcer,Loét dạ dày
gastroduodenal ulcer,Loét dạ dày tá tràng
gastroenteritis,Viêm dạ dày ruột
gastroenteritis viral,Viêm dạ dày ruột do virus
gastrointestinal bleed,Xuất huyết tiêu hóa
genital herpes,Mụn rộp sinh dục
gestational diabetes,Đái tháo đường thai kỳ
giardiasis,Nhiễm Giardia
gingival pain,Đau nướu
gingivitis,Viêm nướu
glaucoma,Tăng nhãn áp
glioblastoma multiforme,U nguyên bào thần kinh đệm đa dạng
glioma,U thần kinh đệm
global amnesia,Mất trí nhớ toàn bộ thoáng qua
glomerulonephritis,Viêm cầu thận
glossodynia,Đau lưỡi
glucosuria,Đường niệu
goiter,Bướu giáp
gonorrhea,Lậu
gout,Gút
gouty arthritis,Viêm khớp do gút
granuloma,U hạt
gynaecomastia,Nam vú to
haemangioma,U máu
haemarthrosis,Tràn máu khớp
haematemesis,Nôn ra máu
haematochezia,Đi ngoài ra máu tươi
haematoma,Tụ máu
haemolytic anaemia,Thiếu máu tán huyết
haemorrhage intracranial,Xuất huyết nội sọ
haemorrhage rectum,Xuất huyết trực tràng
haemorrhoids,Trĩ
hair disease,Bệnh tóc
hay fever,Viêm mũi dị ứng
head injury,Chấn thương đầu
heart attack,Nhồi máu cơ tim
heart rate increased,Tăng nhịp tim
heat rash,Rôm sảy
heat stroke,Sốc nhiệt
heavy menstrual period,Cường kinh
hematoma subdural,Tụ máu dưới màng cứng
hematospermia,Xuất tinh ra máu
hemiparesis,Yếu nửa người
hemiplegia,Liệt nửa người
hemoglobinuria,Hemoglobin niệu
hemophilia B,Hemophilia B
hemothorax,Tràn máu màng phổi
hepatic encephalopathy,Bệnh não gan
hepatic necrosis,Hoại tử gan
hepatic neoplasia,U gan
hepatitis,Viêm gan
hepatitis B,Viêm gan B
hepatitis B surface antigen positive,Dương tính kháng nguyên bề mặt viêm gan B
hepatitis C antibody positive,Dương tính kháng thể viêm gan C
hepatitis toxic,Viêm gan nhiễm độc
hepatorenal syndrome,Hội chứng gan thận
hernia,Thoát vị
hernia hiatal,Thoát vị hoành
herpes simplex,Mụn rộp simplex
herpes zoster,Zona thần kinh
hesitancy,Tiểu khó khởi đầu
hiccough,Nấc cụt
high risk pregnancy,Thai kỳ nguy cơ cao
hip fracture,Gãy xương hông
hirsuitism,Rậm lông
histoplasmosis,Nhiễm nấm Histoplasma
hive,Mề đay
hordeolum,Lẹo mắt
hot flash,Bốc hỏa
humerus fracture,Gãy xương cánh tay
hydrocele,Tràn dịch tinh hoàn
hydrocephalus,Não úng thủy
hydronephrosis,Ứ nước thận
hydroureter,Ứ nước niệu quản
hyperacusia,Tăng thính lực
hyperaesthesia,Tăng cảm giác
hyperalimentation,Nuôi dưỡng quá mức
hyperamylasaemia,Tăng amylase máu
hypercalcinuria,Tăng calci niệu
hyperchloremia,Tăng clo máu
hyperglycaemia,Tăng đường huyết
hyperhidrosis,Tăng tiết mồ hôi
hyperkeratosis,Tăng sừng hóa
hyperlipaemia,Tăng lipid máu
hypermagnesemia,Tăng magnesi máu
hypermetropia,Viễn thị
hypernatraemia,Tăng natri máu
hyperparathyroidism,Cường cận giáp
hyperphosphatemia,Tăng phosphat máu
hyperpigmentation,Tăng sắc tố
hypersplenism,Cường lách
hyperthyroidism,Cường giáp
hypertrichosis,Rậm lông toàn thân
hyperuricaemia,Tăng acid uric máu
hypervitaminosis,Tăng vitamin
hypoaldosteronism,Suy aldosteron
hypochloraemia,Giảm clo máu
hypochondriasis,Nghi bệnh
hypogammaglobulinaemia,Giảm gammaglobulin máu
hypoglycaemia,Hạ đường huyết
hypoglycaemia neonatal,Hạ đường huyết sơ sinh
hypogonadism,Suy sinh dục
hypogonadotropic hypogonadism,Suy sinh dục do giảm gonadotropin
hypokalaemia,Hạ kali máu
hypomenorrhea,Kinh nguyệt ít
hypoparathyroidism,Suy cận giáp
hypopituitarism,Suy tuyến yên
hypospadias,Lỗ tiểu lệch thấp
hypothyroid,Suy giáp
hypovitaminosis,Thiếu vitamin
hypoxia,Thiếu oxy
ichthyosis,Bệnh vảy cá
icterus,Vàng da
idiopathic thrombocytopenic purpura,Xuất huyết giảm tiểu cầu vô căn
ild,Bệnh phổi kẽ
impetigo,Chốc lở
incisional hernia,Thoát vị vết mổ
increased platelet count,Tăng tiểu cầu
increased white blood cell count,Tăng bạch cầu
infection,Nhiễm trùng
infectious mononucleosis,Tăng bạch cầu đơn nhân nhiễm trùng
infertility,Vô sinh
infestation,Nhiễm ký sinh trùng
inflammatory bowel disease,Bệnh viêm ruột
ingrowing nail,Móng mọc quặp
injury of neck,Chấn thương cổ
insomnia,Mất ngủ
insulin dependent diabetes mellitus,Đái tháo đường phụ thuộc insulin
intervertebral disc disorder,Rối loạn đĩa đệm cột sống
intestinal functional disorder,Rối loạn chức năng ruột
intestinal perforation,Thủng ruột
intestinal ulcer,Loét ruột
intraocular inflammation,Viêm nội nhãn
intussusception,Lồng ruột
iridocyclitis,Viêm mống mắt thể mi
iritis,Viêm mống mắt
iron deficiency anaemia,Thiếu máu thiếu sắt
irregular menstrual cycle,Rối loạn kinh nguyệt
ischaemia,Thiếu máu cục bộ
ischias,Đau thần kinh tọa
itch,Ngứa
jaundice neonatal,Vàng da sơ sinh
joint effusion,Tràn dịch khớp
joint stiffness,Cứng khớp
joint swelling,Sưng khớp
keratitis,Viêm giác mạc
keratitis sicca,Viêm giác mạc khô
keratoacanthomas,U sừng dạng nang
ketoacidosis,Nhiễm toan ceton
kidney failure,Suy thận
kidney neoplasm,U thận
kidney pain,Đau thận
kidney transplant,Ghép thận
labyrinthitis,Viêm mê đạo
laceration,Vết rách
lactose intolerance,Bất dung nạp lactose
lagophthalmos,Hở mi
laryngeal neoplasia,U thanh quản
laryngitis,Viêm thanh quản
left ventricular hypertrophy,Phì đại thất trái
leucocytosis,Tăng bạch cầu
leucopenia,Giảm bạch cầu
leukoplakia,Bạch sản
leukoplakia of mouth,Bạch sản miệng
lichen planus,Lichen phẳng
limb malformation,Dị dạng chi
lipoma,U mỡ
liver abscess,Áp xe gan
lobar pneumonia,Viêm phổi thùy
loss of consciousness,Mất ý thức
loss of weight,Sụt cân
lower GI bleeding,Xuất huyết tiêu hóa dưới
lung abscess,Áp xe phổi
lung adenocarcinoma,U tuyến phổi
lung edema,Phù phổi
lung fibrosis,Xơ phổi
lung infiltration,Thâm nhiễm phổi
lung neoplasm malignant,U phổi ác tính
lung neoplasms,U phổi
lymphangitis,Viêm mạch bạch huyết
lymphedema,Phù bạch huyết
lymphocytosis,Tăng lympho bào
lymphoma,U lympho
macrocytosis,Hồng cầu to
macroglossia,Lưỡi to
macula lutea degeneration,Thoái hóa hoàng điểm
major depression,Trầm cảm nặng
malabsorption,Kém hấp thu
malignant hypertension,Tăng huyết áp ác tính
malignant melanoma,U hắc tố ác tính
malnourished,Suy dinh dưỡng
mast cell disease,Bệnh tế bào mast
mediastinal disorder,Rối loạn trung thất
mediastinal tumor,U trung thất
megacolon,Đại tràng to
meibomianitis,Viêm tuyến Meibomius
melanocytic naevus,Nevus sắc tố
melanosis,Tăng sắc tố
meningeal irritation,Kích thích màng não
meningioma,U màng não
meningitides,Viêm màng não
meningocele,Thoát vị màng não
menometrorrhagia,Rong kinh rong huyết
mental retardation,Chậm phát triển trí tuệ
metabolic acidosis,Nhiễm toan chuyển hóa
metabolic alkalosis,Nhiễm kiềm chuyển hóa
metabolic encephalopathy,Bệnh não chuyển hóa
methaemoglobinaemia,Tăng methemoglobin máu
micturition urgency,Mót tiểu
migraine,Đau nửa đầu
milia,Hạt kê
mitral valve disease NOS,Bệnh van hai lá (không xác định)
mitral valve prolapse,Sa van hai lá
mixed connective tissue disease,Bệnh mô liên kết hỗn hợp
molluscum contagiosum,U mềm lây
monoclonal gammopathy,Tăng gammaglobulin đơn dòng
motion sickness,Say tàu xe
motor retardation,Chậm vận động
mouth bleeding,Chảy máu miệng
mouth pain,Đau miệng
mouth ulcer,Loét miệng
movement disorder,Rối loạn vận động
mucositis oral,Viêm niêm mạc miệng
multifocal leukoencephalopathy,Bệnh não chất trắng đa ổ
multiple sclerosis,Xơ cứng rải rác
muscle disorder,Rối loạn cơ
muscle inflammation,Viêm cơ
muscle paresis,Yếu cơ
muscle spasm,Co thắt cơ
muscle strain,Căng cơ
muscle weakness,Yếu cơ
musculoskeletal deformity,Biến dạng cơ xương khớp
musculoskeletal pain,Đau cơ xương khớp
myasthenia gravis,Nhược cơ
mycosis fungoides,U lympho da
myelitis,Viêm tủy
myelodysplasia,Loạn sản tủy
myelopathy,Bệnh tủy sống
myocarditis,Viêm cơ tim
myoclonic epilepsy,Động kinh giật cơ
myoglobinuria,Myoglobin niệu
myoma,U cơ
myopia,Cận thị
narcolepsy,Chứng ngủ rũ
nasal congestion,Nghẹt mũi
nasal polyp,Polyp mũi
nasal septal perforation,Thủng vách ngăn mũi
nasal septum disorder,Rối loạn vách ngăn mũi
nasal sinus congestion,Nghẹt xoang
nasopharyngitis,Viêm mũi họng
nausea,Buồn nôn
neck mass,Khối u vùng cổ
neonatal respiratory distress syndrome,Hội chứng suy hô hấp sơ sinh
neoplasia,Tân sinh
neoplasm prostate,U tuyến tiền liệt
nephrocalcinosis,Vôi hóa thận
nephrosclerosis,Xơ cứng thận
nephrotic syndrome,Hội chứng thận hư
nervous tension,Căng thẳng thần kinh
neumonia,Viêm phổi
neuroblastoma,U nguyên bào thần kinh
neurodermatitis,Viêm da thần kinh
neurofibromatosis,U xơ thần kinh
neurogenic bladder,Bàng quang thần kinh
neuroma,U thần kinh
neuropathy,Bệnh lý thần kinh
neuropathy peripheral,Bệnh lý thần kinh ngoại biên
night blindness,Quáng gà
night cramps,Chuột rút ban đêm
night sweat,Đổ mồ hôi đêm
nightmare,Ác mộng
nocturia,Tiểu đêm
nodule,Nốt
normal pressure hydrocephalus,Não úng thủy áp lực bình thường
nystagmus,Rung giật nhãn cầu
obesity,Béo phì
obstructive uropathy,Bệnh đường tiết niệu tắc nghẽn
ocular hypertension,Tăng nhãn áp
odynophagia,Đau khi nuốt
onychomycosis,Nấm móng
oophorectomy,Cắt buồng trứng
ophthalmoplegia,Liệt vận nhãn
optic atrophy,Teo dây thần kinh thị giác
optic disc edema,Phù gai thị
oral neoplasm,U khoang miệng
orchiectomy,Cắt tinh hoàn
orchitis,Viêm tinh hoàn
orthopnea,Khó thở khi nằm
osteochondrosis,Thoái hóa sụn xương
osteoma,U xương
osteomalacia,Nhuyễn xương
osteomyelitis,Viêm tủy xương
osteopetrosis,Bệnh xương đá
osteoporosis,Loãng xương
otitis media,Viêm tai giữa
otosclerosis,Xơ cứng tai
ovulation pain,Đau rụng trứng
pain in throat,Đau họng
pain pelvic,Đau vùng chậu
palpitation,Hồi hộp tim
palsies,Liệt
pancreatic cancer,Ung thư tụy
pancreatic pseudocyst,Nang giả tụy
pancreatitis,Viêm tụy
pancreatitis relapsing,Viêm tụy tái phát
panic attack,Cơn hoảng loạn
panic disorder,Rối loạn hoảng sợ
panniculitis,Viêm mô mỡ dưới da
papillary necrosis,Hoại tử nhú thận
paranoia,Hoang tưởng
paraparesis,Yếu hai chi dưới
paraplegia,Liệt hai chi dưới
parapsoriasis,Vảy nến dạng vảy phấn
parasitic infection intestinal,Nhiễm ký sinh trùng đường ruột
paronychia,Viêm quanh móng
parotid gland enlargement,Phì đại tuyến mang tai
parotitis,Viêm tuyến mang tai
patent ductus arteriosis,Ống động mạch còn tồn tại
peliosis,Bệnh giãn mạch máu dạng hang
pelvic infection,Nhiễm trùng vùng chậu
pemphigus,Bệnh pemphigus
penile discharge,Tiết dịch dương vật
periarteritis nodosa,Viêm đa động mạch nút
pericardial effusion,Tràn dịch màng tim
pericarditis,Viêm màng tim
periodontal disease,Bệnh nha chu
periodontitis,Viêm nha chu
periostitis,Viêm màng xương
peripheral nerve injury,Tổn thương thần kinh ngoại biên
perirectal abscess,Áp xe quanh trực tràng
peritoneal adhesions,Dính phúc mạc
peritonitis,Viêm phúc mạc
petechia,Chấm xuất huyết
petit mal,Động kinh vắng ý thức
phaeochromocytoma,U tủy thượng thận
pharyngeal inflammation,Viêm họng
phimosis,Hẹp bao quy đầu
phlebitis superficial,Viêm tĩnh mạch nông
phlebothrombosis,Huyết khối tĩnh mạch
phobia,Ám ảnh sợ
pigmentary retinopathy,Bệnh võng mạc sắc tố
pigmentation disorder,Rối loạn sắc tố
pilonidal cyst,Nang lông vùng cùng cụt
pityriasis,Vảy phấn
platelet disorder,Rối loạn tiểu cầu
pleural fibrosis,Xơ màng phổi
pleural pain,Đau màng phổi
pleurisy,Viêm màng phổi
pneumoconiosis,Bệnh bụi phổi
pneumonectomy,Cắt phổi
pneumonia Klebsiella,Viêm phổi do Klebsiella
pneumonia primary atypical,Viêm phổi không điển hình nguyên phát
pneumonia staphylococcal,Viêm phổi do tụ cầu
pneumothorax,Tràn khí màng phổi
polyarthritis,Viêm đa khớp
polycystic ovary disease,Hội chứng buồng trứng đa nang
polymyalgia rheumatica,Đau đa cơ dạng thấp
polymyositis,Viêm đa cơ
polyneuropathy,Bệnh đa dây thần kinh
polyp,Polyp
polyuria,Đa niệu
portal hypertension,Tăng áp lực tĩnh mạch cửa
portal vein thrombosis,Huyết khối tĩnh mạch cửa
post traumatic stress disorder,Rối loạn stress sau sang chấn
postmenopausal bleeding,Chảy máu sau mãn kinh
pregnancy induced hypertension,Tăng huyết áp thai kỳ
premature menopause,Mãn kinh sớm
premature separation of placenta,Bong nhau thai sớm
priapism,Cương đau dương vật
primary biliary cirrhosis,Xơ gan mật nguyên phát
proctalgia,Đau trực tràng
proctitis,Viêm trực tràng
prolactinoma,U tiết prolactin
prostatism,Hội chứng tiền liệt tuyến
prostatitis,Viêm tuyến tiền liệt
proteinuria,Protein niệu
psoriasis,Vảy nến
psoriatic arthritis,Viêm khớp vảy nến
psychoses,Loạn thần
psychosexual disorder,Rối loạn tâm sinh lý
psychosomatic disease,Bệnh tâm thể
pulmonary arrest,Ngừng hô hấp
pulmonary hypertension,Tăng áp phổi
pulmonary mass,Khối u phổi
pyelonephritis,Viêm thận bể thận
pyloric stenosis,Hẹp môn vị
pyoderma,Nhiễm trùng da mủ
pyoderma gangrenosum,Hoại thư da mủ
pyogenic granuloma,U hạt mủ
pyuria,Mủ niệu
quadriplegia,Liệt tứ chi
rabies,Dại
radiation pneumonitis,Viêm phổi do xạ trị
radiculopathy,Bệnh rễ thần kinh
rectal discharge,Tiết dịch trực tràng
rectal polyp,Polyp trực tràng
rectal prolapse,Sa trực tràng
reflex sympathetic dystrophy,Loạn dưỡng giao cảm phản xạ
reflux esophagitis,Viêm thực quản trào ngược
refraction disorder,Rối loạn khúc xạ
regurgitation,Trào ngược
renal abscess,Áp xe thận
renal agenesis,Bất sản thận
renal cancer,Ung thư thận
renal colic,Cơn đau quặn thận
renal cyst,Nang thận
renal mass,Khối u thận
renal tubular acidosis,Nhiễm toan ống thận
renovascular hypertension,Tăng huyết áp do mạch thận
respiratory alkalosis,Nhiễm kiềm hô hấp
respiratory failure,Suy hô hấp
retinal bleeding,Xuất huyết võng mạc
retinal degeneration,Thoái hóa võng mạc
retinal scar,Sẹo võng mạc
retinal vein thrombosis,Huyết khối tĩnh mạch võng mạc
retinitis,Viêm võng mạc
retinopathy hypertensive,Bệnh võng mạc do tăng huyết áp
retinopathy of prematurity,Bệnh võng mạc trẻ sinh non
retrocollis,Vẹo cổ ra sau
rhabdomyolysis,Tiêu cơ vân
rhabdomyosarcoma,U cơ vân ác tính
rheumatic heart disease,Bệnh tim do thấp
rhinorrhea,Chảy nước mũi
rib fracture,Gãy xương sườn
rickets,Còi xương
right heart failure,Suy tim phải
road traffic accident,Tai nạn giao thông
rotator cuff syndrome,Hội chứng chóp xoay vai
rupture of spleen,Vỡ lách
sacroiliitis,Viêm khớp cùng chậu
salivary gland enlargement,Phì đại tuyến nước bọt
salivary gland inflammation,Viêm tuyến nước bọt
sarcoidosis,Sarcoidosis
sarcoma,U sarcoma
schizoaffective disorder,Rối loạn phân liệt cảm xúc
schizophrenia,Tâm thần phân liệt
scleritis,Viêm củng mạc
scotoma,Ám điểm
seborrhoeic keratosis,Dày sừng tiết bã
sensory disturbance,Rối loạn cảm giác
sepsis,Nhiễm trùng huyết
septic abortion,Sẩy thai nhiễm trùng
septic shock,Sốc nhiễm trùng
serum sickness,Bệnh huyết thanh
sexually transmitted diseases,Bệnh lây truyền qua đường tình dục
shoulder pain,Đau vai
sick sinus syndrome,Hội chứng nút xoang bệnh lý
sinus arrest,Ngừng xoang
sinus bradycardia,Nhịp chậm xoang
sinus tachycardia,Nhịp nhanh xoang
skin abrasion,Trầy da
skin lesion,Tổn thương da
sleep apnea,Ngưng thở khi ngủ
sleep disorder,Rối loạn giấc ngủ
sleep walking,Mộng du
sneezing,Hắt hơi
soft tissue infection,Nhiễm trùng mô mềm
soft tissue injuries,Chấn thương mô mềm
spider angioma,Sao mạch
spinal cord injury,Tổn thương tủy sống
spinning sensation,Chóng mặt quay cuồng
splenectomy,Cắt lách
splinter,Dằm
spondylitis,Viêm cột sống
spondylosis,Thoái hóa cột sống
squamous cell carcinoma of skin,Ung thư biểu mô tế bào vảy da
status epilepticus,Trạng thái động kinh
still birth,Thai chết lưu
streptococcal infection,Nhiễm liên cầu
stridor,Thở rít
subarachnoid haemorrhage,Xuất huyết dưới nhện
substance abuse,Lạm dụng chất
sunburn,Cháy nắng
superior vena cava syndrome,Hội chứng tĩnh mạch chủ trên
supernumerary nipple,Núm vú phụ
swollen scrotum,Sưng bìu
syncope vasovagal,Ngất do phản xạ phế vị
synovial cyst,Nang hoạt dịch
synovitis,Viêm bao hoạt dịch
syphilis,Giang mai
tachycardia ventricular,Nhịp nhanh thất
tardive dyskinesia,Rối loạn vận động muộn
telangiectases,Giãn mao mạch
temporal arteritis,Viêm động mạch thái dương
tendon injury,Tổn thương gân
tension headache,Đau đầu căng thẳng
testes pain,Đau tinh hoàn
testicular atrophy,Teo tinh hoàn
testicular swelling,Sưng tinh hoàn
tetanus,Uốn ván
tetany,Co cứng cơ
tetralogy of Fallot,Tứ chứng Fallot
thrombocytopenia,Giảm tiểu cầu
thrombotic microangiopathy,Bệnh vi mạch huyết khối
thyroid adenoma,U tuyến giáp
thyroid cancer,Ung thư tuyến giáp
thyroid cyst,Nang tuyến giáp
thyroid disease,Bệnh tuyến giáp
thyroid neoplasia,U tuyến giáp
thyroidectomy,Cắt tuyến giáp
thyroiditis,Viêm tuyến giáp
tinea,Nấm da
tinea cruris,Hắc lào bẹn
tinea pedis,Nấm bàn chân
tinea versicolor,Lang ben
tinnitus,Ù tai
tonsillar hypertrophy,Phì đại amidan
tonsillectomy,Cắt amidan
tonsillitis,Viêm amidan
tooth disease,Bệnh răng
toxic shock,Sốc nhiễm độc
toxoplasmosis,Nhiễm Toxoplasma
tracheitis,Viêm khí quản
tracheostomy,Mở khí quản
transient ischaemic attack,Cơn thiếu máu não thoáng qua
transurethral resection of the prostate,Cắt tuyến tiền liệt qua niệu đạo
traumatic amputation,Cắt cụt do chấn thương
traumatic arthropathy,Bệnh khớp do chấn thương
tremor,Rung
trichomoniasis,Nhiễm Trichomonas
trifascicular block,Block ba nhánh
trigeminal neuralgia,Đau dây thần kinh sinh ba
trigger finger,Ngón tay bật
trisomy 21,Hội chứng Down
tuberculin test positive,Test tuberculin dương tính
tympanic membrane perforation,Thủng màng nhĩ
ulcer,Loét
umbilical hernia,Thoát vị rốn
upper gastrointestinal bleeding,Xuất huyết tiêu hóa trên
ureteral obstruction,Tắc niệu quản
urethritis,Viêm niệu đạo
urogenital abnormalities,Dị dạng tiết niệu sinh dục
urosepsis,Nhiễm trùng huyết tiết niệu
uterine bleeding,Chảy máu tử cung
uterine infection,Nhiễm trùng tử cung
vaginal discharge,Khí hư
vaginal dysplasia,Loạn sản âm đạo
varicocele,Giãn tĩnh mạch thừng tinh
varicose vein,Suy giãn tĩnh mạch
vascular anomaly,Dị dạng mạch máu
vascular headache,Đau đầu do mạch máu
venous insufficiency,Suy tĩnh mạch
ventricular fibrillation,Rung thất
ventricular septal defect,Thông liên thất
viral pneumonia,Viêm phổi do virus
vitamin B 12 deficiency,Thiếu vitamin B12
vitamin B deficiency,Thiếu vitamin B
vitiligo,Bạch biến
vitreous detachment,Bong dịch kính
vocal cord paralysis,Liệt dây thanh
volvulus,Xoắn ruột
vulval abscess,Áp xe âm hộ
vulvitis,Viêm âm hộ
vulvovaginitis,Viêm âm hộ âm đạo
wandering atrial pacemaker,Nhịp xoang di chuyển
weight gain,Tăng cân
wheeze,Khò khè
wound dehiscence,Bục vết mổ
wrist fracture,Gãy xương cổ tay
xanthoma,U vàng
xerosis,Khô da